-- MySQL dump 10.13  Distrib 8.0.29, for Win64 (x86_64)
--
-- Host: 127.0.0.1    Database: honors
-- ------------------------------------------------------
-- Server version	8.0.33

/*!40101 SET @OLD_CHARACTER_SET_CLIENT=@@CHARACTER_SET_CLIENT */;
/*!40101 SET @OLD_CHARACTER_SET_RESULTS=@@CHARACTER_SET_RESULTS */;
/*!40101 SET @OLD_COLLATION_CONNECTION=@@COLLATION_CONNECTION */;
/*!50503 SET NAMES utf8 */;
/*!40103 SET @OLD_TIME_ZONE=@@TIME_ZONE */;
/*!40103 SET TIME_ZONE='+00:00' */;
/*!40014 SET @OLD_UNIQUE_CHECKS=@@UNIQUE_CHECKS, UNIQUE_CHECKS=0 */;
/*!40014 SET @OLD_FOREIGN_KEY_CHECKS=@@FOREIGN_KEY_CHECKS, FOREIGN_KEY_CHECKS=0 */;
/*!40101 SET @OLD_SQL_MODE=@@SQL_MODE, SQL_MODE='NO_AUTO_VALUE_ON_ZERO' */;
/*!40111 SET @OLD_SQL_NOTES=@@SQL_NOTES, SQL_NOTES=0 */;

--
-- Table structure for table `_address_sido`
--

DROP TABLE IF EXISTS `_address_sido`;
/*!40101 SET @saved_cs_client     = @@character_set_client */;
/*!50503 SET character_set_client = utf8mb4 */;
CREATE TABLE `_address_sido` (
  `sdidx` int NOT NULL,
  `sdname` char(30) CHARACTER SET utf8mb4 COLLATE utf8mb4_unicode_ci NOT NULL,
  PRIMARY KEY (`sdidx`)
) ENGINE=InnoDB DEFAULT CHARSET=utf8mb4 COLLATE=utf8mb4_unicode_ci;
/*!40101 SET character_set_client = @saved_cs_client */;

--
-- Dumping data for table `_address_sido`
--

LOCK TABLES `_address_sido` WRITE;
/*!40000 ALTER TABLE `_address_sido` DISABLE KEYS */;
INSERT INTO `_address_sido` (`sdidx`, `sdname`) VALUES (1,'서울특별시'),(2,'부산광역시'),(3,'대구광역시'),(4,'인천광역시'),(5,'광주광역시'),(6,'대전광역시'),(7,'울산광역시'),(8,'경기도'),(9,'충청북도'),(10,'충청남도'),(11,'전라남도'),(12,'경상북도'),(13,'경상남도'),(14,'제주특별자치도'),(15,'강원특별자치도'),(16,'전북특별자치도'),(17,'세종특별자치시');
/*!40000 ALTER TABLE `_address_sido` ENABLE KEYS */;
UNLOCK TABLES;

--
-- Table structure for table `_address_sigungu`
--

DROP TABLE IF EXISTS `_address_sigungu`;
/*!40101 SET @saved_cs_client     = @@character_set_client */;
/*!50503 SET character_set_client = utf8mb4 */;
CREATE TABLE `_address_sigungu` (
  `sdidx` int NOT NULL,
  `sggidx` int NOT NULL,
  `sggparent` int DEFAULT NULL,
  `sggname` char(30) CHARACTER SET utf8mb4 COLLATE utf8mb4_unicode_ci DEFAULT NULL,
  PRIMARY KEY (`sdidx`,`sggidx`)
) ENGINE=InnoDB DEFAULT CHARSET=utf8mb4 COLLATE=utf8mb4_unicode_ci;
/*!40101 SET character_set_client = @saved_cs_client */;

--
-- Dumping data for table `_address_sigungu`
--

LOCK TABLES `_address_sigungu` WRITE;
/*!40000 ALTER TABLE `_address_sigungu` DISABLE KEYS */;
INSERT INTO `_address_sigungu` (`sdidx`, `sggidx`, `sggparent`, `sggname`) VALUES (1,1,NULL,'전체'),(1,2,1,'종로구'),(1,3,1,'중구'),(1,4,1,'용산구'),(1,5,1,'성동구'),(1,6,1,'광진구'),(1,7,1,'동대문구'),(1,8,1,'중랑구'),(1,9,1,'성북구'),(1,10,1,'강북구'),(1,11,1,'도봉구'),(1,12,1,'노원구'),(1,13,1,'은평구'),(1,14,1,'서대문구'),(1,15,1,'마포구'),(1,16,1,'양천구'),(1,17,1,'강서구'),(1,18,1,'구로구'),(1,19,1,'금천구'),(1,20,1,'영등포구'),(1,21,1,'동작구'),(1,22,1,'관악구'),(1,23,1,'서초구'),(1,24,1,'강남구'),(1,25,1,'송파구'),(1,26,1,'강동구'),(2,27,NULL,'전체'),(2,28,27,'중구'),(2,29,27,'서구'),(2,30,27,'동구'),(2,31,27,'영도구'),(2,32,27,'부산진구'),(2,33,27,'동래구'),(2,34,27,'남구'),(2,35,27,'북구'),(2,36,27,'해운대구'),(2,37,27,'사하구'),(2,38,27,'금정구'),(2,39,27,'강서구'),(2,40,27,'연제구'),(2,41,27,'수영구'),(2,42,27,'사상구'),(2,43,27,'기장군'),(3,44,NULL,'전체'),(3,45,44,'중구'),(3,46,44,'동구'),(3,47,44,'서구'),(3,48,44,'남구'),(3,49,44,'북구'),(3,50,44,'수성구'),(3,51,44,'달서구'),(3,52,44,'달성군'),(3,53,44,'군위군'),(4,54,NULL,'전체'),(4,55,54,'중구'),(4,56,54,'동구'),(4,57,54,'미추홀구'),(4,58,54,'연수구'),(4,59,54,'남동구'),(4,60,54,'부평구'),(4,61,54,'계양구'),(4,62,54,'서구'),(4,63,54,'강화군'),(4,64,54,'옹진군'),(5,65,NULL,'전체'),(5,66,65,'동구'),(5,67,65,'서구'),(5,68,65,'남구'),(5,69,65,'북구'),(5,70,65,'광산구'),(6,71,NULL,'전체'),(6,72,71,'동구'),(6,73,71,'중구'),(6,74,71,'서구'),(6,75,71,'유성구'),(6,76,71,'대덕구'),(7,77,NULL,'전체'),(7,78,77,'중구'),(7,79,77,'남구'),(7,80,77,'동구'),(7,81,77,'북구'),(7,82,77,'울주군'),(8,84,NULL,'전체'),(8,85,84,'수원시'),(8,90,84,'성남시'),(8,94,84,'의정부시'),(8,95,84,'안양시'),(8,98,84,'부천시'),(8,102,84,'광명시'),(8,103,84,'평택시'),(8,104,84,'동두천시'),(8,105,84,'안산시'),(8,108,84,'고양시'),(8,112,84,'과천시'),(8,113,84,'구리시'),(8,114,84,'남양주시'),(8,115,84,'오산시'),(8,116,84,'시흥시'),(8,117,84,'군포시'),(8,118,84,'의왕시'),(8,119,84,'하남시'),(8,120,84,'용인시'),(8,124,84,'파주시'),(8,125,84,'이천시'),(8,126,84,'안성시'),(8,127,84,'김포시'),(8,128,84,'화성시'),(8,129,84,'광주시'),(8,130,84,'양주시'),(8,131,84,'포천시'),(8,132,84,'여주시'),(8,134,84,'연천군'),(8,135,84,'가평군'),(8,136,84,'양평군'),(9,137,NULL,'전체'),(9,138,137,'청주시'),(9,143,137,'충주시'),(9,144,137,'제천시'),(9,145,137,'보은군'),(9,146,137,'옥천군'),(9,147,137,'영동군'),(9,148,137,'증평군'),(9,149,137,'진천군'),(9,150,137,'괴산군'),(9,151,137,'음성군'),(9,152,137,'단양군'),(10,153,NULL,'전체'),(10,154,153,'천안시'),(10,157,153,'공주시'),(10,158,153,'보령시'),(10,159,153,'아산시'),(10,160,153,'서산시'),(10,161,153,'논산시'),(10,162,153,'계룡시'),(10,163,153,'당진시'),(10,164,153,'금산군'),(10,165,153,'부여군'),(10,166,153,'서천군'),(10,167,153,'청양군'),(10,168,153,'홍성군'),(10,169,153,'예산군'),(10,170,153,'태안군'),(11,171,NULL,'전체'),(11,172,171,'목포시'),(11,173,171,'여수시'),(11,174,171,'순천시'),(11,175,171,'나주시'),(11,176,171,'광양시'),(11,177,171,'담양군'),(11,178,171,'곡성군'),(11,179,171,'구례군'),(11,180,171,'고흥군'),(11,181,171,'보성군'),(11,182,171,'화순군'),(11,183,171,'장흥군'),(11,184,171,'강진군'),(11,185,171,'해남군'),(11,186,171,'영암군'),(11,187,171,'무안군'),(11,188,171,'함평군'),(11,189,171,'영광군'),(11,190,171,'장성군'),(11,191,171,'완도군'),(11,192,171,'진도군'),(11,193,171,'신안군'),(12,194,NULL,'전체'),(12,195,194,'포항시'),(12,198,194,'경주시'),(12,199,194,'김천시'),(12,200,194,'안동시'),(12,201,194,'구미시'),(12,202,194,'영주시'),(12,203,194,'영천시'),(12,204,194,'상주시'),(12,205,194,'문경시'),(12,206,194,'경산시'),(12,207,194,'의성군'),(12,208,194,'청송군'),(12,209,194,'영양군'),(12,210,194,'영덕군'),(12,211,194,'청도군'),(12,212,194,'고령군'),(12,213,194,'성주군'),(12,214,194,'칠곡군'),(12,215,194,'예천군'),(12,216,194,'봉화군'),(12,217,194,'울진군'),(12,218,194,'울릉군'),(13,219,NULL,'전체'),(13,220,219,'창원시'),(13,226,219,'진주시'),(13,227,219,'통영시'),(13,228,219,'사천시'),(13,229,219,'김해시'),(13,230,219,'밀양시'),(13,231,219,'거제시'),(13,232,219,'양산시'),(13,233,219,'의령군'),(13,234,219,'함안군'),(13,235,219,'창녕군'),(13,236,219,'고성군'),(13,237,219,'남해군'),(13,238,219,'하동군'),(13,239,219,'산청군'),(13,240,219,'함양군'),(13,241,219,'거창군'),(13,242,219,'합천군'),(14,243,NULL,'전체'),(14,244,243,'제주시'),(14,245,243,'서귀포시'),(15,246,NULL,'전체'),(15,247,246,'춘천시'),(15,248,246,'원주시'),(15,249,246,'강릉시'),(15,250,246,'동해시'),(15,251,246,'태백시'),(15,252,246,'속초시'),(15,253,246,'삼척시'),(15,254,246,'홍천군'),(15,255,246,'횡성군'),(15,256,246,'영월군'),(15,257,246,'평창군'),(15,258,246,'정선군'),(15,259,246,'철원군'),(15,260,246,'화천군'),(15,261,246,'양구군'),(15,262,246,'인제군'),(15,263,246,'고성군'),(15,264,246,'양양군'),(16,265,NULL,'전체'),(16,266,265,'전주시'),(16,269,265,'군산시'),(16,270,265,'익산시'),(16,271,265,'정읍시'),(16,272,265,'남원시'),(16,273,265,'김제시'),(16,274,265,'완주군'),(16,275,265,'진안군'),(16,276,265,'무주군'),(16,277,265,'장수군'),(16,278,265,'임실군'),(16,279,265,'순창군'),(16,280,265,'고창군'),(16,281,265,'부안군'),(17,83,NULL,'전체');
/*!40000 ALTER TABLE `_address_sigungu` ENABLE KEYS */;
UNLOCK TABLES;

--
-- Table structure for table `_bank`
--

DROP TABLE IF EXISTS `_bank`;
/*!40101 SET @saved_cs_client     = @@character_set_client */;
/*!50503 SET character_set_client = utf8mb4 */;
CREATE TABLE `_bank` (
  `bankcode` char(3) CHARACTER SET utf8mb4 COLLATE utf8mb4_unicode_ci NOT NULL,
  `bankname` char(20) CHARACTER SET utf8mb4 COLLATE utf8mb4_unicode_ci DEFAULT NULL,
  `maintenance_start` time DEFAULT NULL,
  `maintenance_end` time DEFAULT NULL,
  `maintenance_hecto_start` time DEFAULT NULL,
  `maintenance_hecto_end` time DEFAULT NULL,
  `maintenance_fixedterm` text CHARACTER SET utf8mb4 COLLATE utf8mb4_unicode_ci,
  PRIMARY KEY (`bankcode`)
) ENGINE=InnoDB DEFAULT CHARSET=utf8mb4 COLLATE=utf8mb4_unicode_ci;
/*!40101 SET character_set_client = @saved_cs_client */;

--
-- Dumping data for table `_bank`
--

LOCK TABLES `_bank` WRITE;
/*!40000 ALTER TABLE `_bank` DISABLE KEYS */;
INSERT INTO `_bank` (`bankcode`, `bankname`, `maintenance_start`, `maintenance_end`, `maintenance_hecto_start`, `maintenance_hecto_end`, `maintenance_fixedterm`) VALUES ('002','산업','23:30:00','00:30:00','23:50:00','00:15:00','매주 일요일 (00:00 ~ 04:00)'),('003','기업','00:00:00','00:30:00','23:50:00','00:12:00',''),('004','국민','00:00:00','00:30:00','23:50:00','00:12:00','3주차 일요일 (01:00 ~ 06:00 간헐적 거래안됨)'),('007','수협','23:50:00','00:30:00','23:30:00','00:30:00',''),('011','농협협동조합','00:00:00','00:30:00','23:50:00','00:12:00','3주차 월요일 (00:00 ~ 04:00)'),('012','NH농협',NULL,NULL,NULL,NULL,''),('020','우리','23:50:00','00:30:00','23:50:00','00:10:00','매주 금요일 (00:00 ~ 00:40), 2주차 일요일 (00:00 ~ 06:00)'),('023','SC제일','23:30:00','00:30:00','23:50:00','00:12:00',''),('027','한국씨티','23:40:00','00:30:00','23:50:00','00:30:00','공휴일 다음 (00:00 ~ 02:00), 매일 (00:30 ~ 04:30 간헐적 거래안됨)'),('031','대구','23:40:00','00:30:00','23:50:00','00:05:00','분기말에 한번 토요일 (00:00 ~ 06:00)'),('032','부산','23:30:00','00:30:00','23:50:00','00:05:00','월요일 (00:00 ~ 04:00)'),('034','광주','23:40:00','00:30:00','23:50:00','00:05:00','2주차 일요일 (02:00 ~ 06:00)'),('035','제주','23:40:00','00:30:00','23:50:00','00:12:00','월,수 (04:30 ~ 05:00)'),('037','전북','00:00:00','00:30:00','23:50:00','00:05:00','2주차 토요일 (00:00 ~ 04:00)'),('039','경남','23:40:00','00:30:00','23:50:00','00:05:00','2주차 일요일 (02:00 ~ 06:00)'),('045','새마을금고','23:50:00','00:30:00','23:30:00','00:30:00',''),('048','신협','23:40:00','00:30:00','23:50:00','00:05:00',''),('050','상호저축은행',NULL,NULL,NULL,NULL,''),('054','HSBC',NULL,NULL,NULL,NULL,''),('055','도이치',NULL,NULL,NULL,NULL,''),('057','제이피모간',NULL,NULL,NULL,NULL,''),('060','BOA',NULL,NULL,NULL,NULL,''),('062','중국공상',NULL,NULL,NULL,NULL,''),('064','산림조합',NULL,NULL,NULL,NULL,''),('071','우체국','23:40:00','00:30:00','23:50:00','00:05:00','매일 (04:00 ~ 05:00)'),('081','하나','23:40:00','00:30:00','23:50:00','00:15:00',''),('088','신한','23:40:00','00:30:00','23:50:00','00:05:00','매일 (00:00 ~ 01:00)'),('089','K 뱅크','23:40:00','00:30:00','23:35:00','00:35:00',''),('090','카카오뱅크','23:50:00','00:10:00','23:50:00','00:05:00',''),('092','토스','23:55:00','00:05:00','23:55:00','00:05:00','');
/*!40000 ALTER TABLE `_bank` ENABLE KEYS */;
UNLOCK TABLES;

--
-- Table structure for table `_system_board`
--

DROP TABLE IF EXISTS `_system_board`;
/*!40101 SET @saved_cs_client     = @@character_set_client */;
/*!50503 SET character_set_client = utf8mb4 */;
CREATE TABLE `_system_board` (
  `sbindex` int NOT NULL AUTO_INCREMENT,
  `sblevel` enum('info','warn','err') CHARACTER SET utf8mb4 COLLATE utf8mb4_unicode_ci DEFAULT NULL,
  `sbtitle` varchar(100) CHARACTER SET utf8mb4 COLLATE utf8mb4_unicode_ci DEFAULT NULL,
  `isopen` enum('y','n') CHARACTER SET utf8mb4 COLLATE utf8mb4_unicode_ci DEFAULT NULL,
  `ismain` enum('y','n') CHARACTER SET utf8mb4 COLLATE utf8mb4_unicode_ci DEFAULT NULL,
  `url` varchar(255) CHARACTER SET utf8mb4 COLLATE utf8mb4_unicode_ci DEFAULT NULL,
  `modidt` datetime DEFAULT NULL,
  `regidt` datetime DEFAULT NULL,
  PRIMARY KEY (`sbindex`)
) ENGINE=InnoDB AUTO_INCREMENT=3 DEFAULT CHARSET=utf8mb4 COLLATE=utf8mb4_unicode_ci;
/*!40101 SET character_set_client = @saved_cs_client */;

--
-- Dumping data for table `_system_board`
--

LOCK TABLES `_system_board` WRITE;
/*!40000 ALTER TABLE `_system_board` DISABLE KEYS */;
INSERT INTO `_system_board` (`sbindex`, `sblevel`, `sbtitle`, `isopen`, `ismain`, `url`, `modidt`, `regidt`) VALUES (1,'info','반갑습니다. 모임은야구입니다.','y','y','20250919-openAnnounce','2025-09-19 20:43:53','2025-09-19 20:43:53'),(2,'info','2025년 10월 업데이트 안내','y','y','20251015-update','2025-10-15 20:44:37','2025-10-15 20:44:37');
/*!40000 ALTER TABLE `_system_board` ENABLE KEYS */;
UNLOCK TABLES;

--
-- Table structure for table `_system_status`
--

DROP TABLE IF EXISTS `_system_status`;
/*!40101 SET @saved_cs_client     = @@character_set_client */;
/*!50503 SET character_set_client = utf8mb4 */;
CREATE TABLE `_system_status` (
  `statuskey1` char(20) CHARACTER SET utf8mb4 COLLATE utf8mb4_unicode_ci NOT NULL,
  `statuskey2` char(20) CHARACTER SET utf8mb4 COLLATE utf8mb4_unicode_ci NOT NULL DEFAULT 'def',
  `statusvalue` enum('pass','fail') CHARACTER SET utf8mb4 COLLATE utf8mb4_unicode_ci DEFAULT NULL,
  `statusfailmsg` char(50) CHARACTER SET utf8mb4 COLLATE utf8mb4_unicode_ci DEFAULT NULL,
  `regdt` datetime DEFAULT NULL,
  PRIMARY KEY (`statuskey1`,`statuskey2`)
) ENGINE=InnoDB DEFAULT CHARSET=utf8mb4 COLLATE=utf8mb4_unicode_ci;
/*!40101 SET character_set_client = @saved_cs_client */;

--
-- Dumping data for table `_system_status`
--

LOCK TABLES `_system_status` WRITE;
/*!40000 ALTER TABLE `_system_status` DISABLE KEYS */;
INSERT INTO `_system_status` (`statuskey1`, `statuskey2`, `statusvalue`, `statusfailmsg`, `regdt`) VALUES ('maintenance','def','pass','','2025-10-14 20:20:16'),('version','1.0.9','pass','','2025-10-14 20:20:18'),('version','def','fail','앱을 최신버전으로 업데이트 부탁드립니다.','2025-10-14 20:20:17');
/*!40000 ALTER TABLE `_system_status` ENABLE KEYS */;
UNLOCK TABLES;

--
-- Table structure for table `bankaccount`
--

DROP TABLE IF EXISTS `bankaccount`;
/*!40101 SET @saved_cs_client     = @@character_set_client */;
/*!50503 SET character_set_client = utf8mb4 */;
CREATE TABLE `bankaccount` (
  `bacctype` enum('user','grp') CHARACTER SET utf8mb4 COLLATE utf8mb4_unicode_ci NOT NULL,
  `bacckey` char(30) CHARACTER SET utf8mb4 COLLATE utf8mb4_unicode_ci NOT NULL,
  `baccno` int NOT NULL,
  `baccnickname` char(20) CHARACTER SET utf8mb4 COLLATE utf8mb4_unicode_ci DEFAULT NULL,
  `bacccode` char(3) CHARACTER SET utf8mb4 COLLATE utf8mb4_unicode_ci DEFAULT NULL,
  `baccacct` char(50) CHARACTER SET utf8mb4 COLLATE utf8mb4_unicode_ci DEFAULT NULL,
  `baccname` char(30) CHARACTER SET utf8mb4 COLLATE utf8mb4_unicode_ci DEFAULT NULL,
  `usable` enum('y','n') CHARACTER SET utf8mb4 COLLATE utf8mb4_unicode_ci DEFAULT 'y',
  `defaultflg` enum('y','n') CHARACTER SET utf8mb4 COLLATE utf8mb4_unicode_ci DEFAULT NULL,
  `modidt` datetime DEFAULT NULL,
  `regidt` datetime DEFAULT NULL,
  PRIMARY KEY (`bacctype`,`bacckey`,`baccno`)
) ENGINE=InnoDB DEFAULT CHARSET=utf8mb4 COLLATE=utf8mb4_unicode_ci;
/*!40101 SET character_set_client = @saved_cs_client */;

--
-- Dumping data for table `bankaccount`
--

LOCK TABLES `bankaccount` WRITE;
/*!40000 ALTER TABLE `bankaccount` DISABLE KEYS */;
INSERT INTO `bankaccount` (`bacctype`, `bacckey`, `baccno`, `baccnickname`, `bacccode`, `baccacct`, `baccname`, `usable`, `defaultflg`, `modidt`, `regidt`) VALUES ('grp','GCYHTRMLKYLEXMELLYTWCUBWAWALXD',1,'기본계좌','012','352-1985-7052-13','서준형','y','y','2025-08-03 20:55:56','2025-08-03 20:55:56');
/*!40000 ALTER TABLE `bankaccount` ENABLE KEYS */;
UNLOCK TABLES;

--
-- Table structure for table `cls`
--

DROP TABLE IF EXISTS `cls`;
/*!40101 SET @saved_cs_client     = @@character_set_client */;
/*!50503 SET character_set_client = utf8mb4 */;
CREATE TABLE `cls` (
  `grpno` char(30) CHARACTER SET utf8mb4 COLLATE utf8mb4_unicode_ci NOT NULL,
  `clsno` char(14) CHARACTER SET utf8mb4 COLLATE utf8mb4_unicode_ci NOT NULL,
  `clsstatus` char(30) CHARACTER SET utf8mb4 COLLATE utf8mb4_unicode_ci NOT NULL,
  `clssettleflg` enum('yet','done') CHARACTER SET utf8mb4 COLLATE utf8mb4_unicode_ci DEFAULT 'yet',
  `clstype` char(30) CHARACTER SET utf8mb4 COLLATE utf8mb4_unicode_ci NOT NULL,
  `clstitle` char(50) CHARACTER SET utf8mb4 COLLATE utf8mb4_unicode_ci NOT NULL,
  `clscontent` char(50) CHARACTER SET utf8mb4 COLLATE utf8mb4_unicode_ci DEFAULT NULL,
  `clsstartdt` datetime NOT NULL,
  `clsclosedt` datetime NOT NULL,
  `clsground` char(50) CHARACTER SET utf8mb4 COLLATE utf8mb4_unicode_ci NOT NULL,
  `clsgroundaddr` char(50) CHARACTER SET utf8mb4 COLLATE utf8mb4_unicode_ci DEFAULT NULL,
  `clsbillapplyprice` int NOT NULL,
  `clsbillapplyunit` char(10) CHARACTER SET utf8mb4 COLLATE utf8mb4_unicode_ci DEFAULT NULL,
  `clsapplystartdt` datetime NOT NULL,
  `clsapplyclosedt` datetime NOT NULL,
  `clsusernoreg` char(30) CHARACTER SET utf8mb4 COLLATE utf8mb4_unicode_ci DEFAULT NULL,
  `clsusernoadm` char(30) CHARACTER SET utf8mb4 COLLATE utf8mb4_unicode_ci DEFAULT NULL,
  `clsusernosub` char(30) CHARACTER SET utf8mb4 COLLATE utf8mb4_unicode_ci DEFAULT NULL,
  `clsbillsales` int DEFAULT '0',
  `clsbillpurchase` int DEFAULT '0',
  `clsbillfinal` int DEFAULT '0',
  `grpfinancereflectflg` enum('y','n','unable') CHARACTER SET utf8mb4 COLLATE utf8mb4_unicode_ci DEFAULT 'n',
  `purchaseidx_maxused` int DEFAULT '0',
  `clsmodidt` datetime DEFAULT NULL,
  `clsregdt` datetime DEFAULT NULL,
  PRIMARY KEY (`grpno`,`clsno`)
) ENGINE=InnoDB DEFAULT CHARSET=utf8mb4 COLLATE=utf8mb4_unicode_ci;
/*!40101 SET character_set_client = @saved_cs_client */;

--
-- Dumping data for table `cls`
--

LOCK TABLES `cls` WRITE;
/*!40000 ALTER TABLE `cls` DISABLE KEYS */;
INSERT INTO `cls` (`grpno`, `clsno`, `clsstatus`, `clssettleflg`, `clstype`, `clstitle`, `clscontent`, `clsstartdt`, `clsclosedt`, `clsground`, `clsgroundaddr`, `clsbillapplyprice`, `clsbillapplyunit`, `clsapplystartdt`, `clsapplyclosedt`, `clsusernoreg`, `clsusernoadm`, `clsusernosub`, `clsbillsales`, `clsbillpurchase`, `clsbillfinal`, `grpfinancereflectflg`, `purchaseidx_maxused`, `clsmodidt`, `clsregdt`) VALUES ('GCYHTRMLKYLEXMELLYTWCUBWAWALXD','20250929-MEZLC','end','yet','lineup4','10/03(금) - 정규일정','야구바지 필수','2025-10-03 08:00:00','2025-10-03 12:00:00','북구강변1구장','검단동 124',20000,'시합','2025-09-29 19:00:00','2025-10-02 23:59:00',NULL,NULL,NULL,350000,0,350000,'unable',0,'2026-01-30 00:43:55','2025-09-29 15:49:33'),('GCYHTRMLKYLEXMELLYTWCUBWAWALXD','20250929-ORLMF','cancel','yet','lineup4','10/04(토) - 예비일정','10/03 일정이 우천으로 취소될 경우 진행','2025-10-04 14:00:00','2025-10-04 18:00:00','방천1구장','달성군 다사읍 방천리 700-29',20000,'시합','2025-09-29 19:00:00','2025-10-03 23:59:00',NULL,NULL,NULL,0,0,0,'unable',0,'2026-01-30 00:43:55','2025-09-29 15:58:04'),('GCYHTRMLKYLEXMELLYTWCUBWAWALXD','20251005-WSATI','edit','yet','lineup4','10/04(토) - 예비일정','10/03 일정이 우천으로 취소될 경우 진행','2025-10-11 14:00:00','2025-10-11 18:00:00','방천1구장','달성군 다사읍 방천리 700-29',10000,'시합','2025-10-06 19:00:00','2025-10-10 23:59:00','RZHFUDQGVWHCAMOXXYVDQQZFUGUNBG','RZHFUDQGVWHCAMOXXYVDQQZFUGUNBG','',0,0,0,'unable',0,'2026-01-30 00:43:55','2025-10-05 21:41:06'),('GCYHTRMLKYLEXMELLYTWCUBWAWALXD','20251019-JEPQC','end','done','lineup1','10/25(토) - 예비일정','야구바지 필수','2025-10-25 14:00:00','2025-10-25 18:00:00','방천1구장','달성군 다사읍 방천리 700-29',10000,'시합','2025-10-19 21:30:00','2025-10-19 23:59:00','RZHFUDQGVWHCAMOXXYVDQQZFUGUNBG','SBCKSZTHUGMTHFOGDKMJTNQGXOMRVZ','RZHFUDQGVWHCAMOXXYVDQQZFUGUNBG',20000,20100,-100,'unable',0,'2026-01-30 20:37:22','2025-10-19 20:01:26'),('GCYHTRMLKYLEXMELLYTWCUBWAWALXD','20251019-JPNPU','ing','yet','lineup4','10/25(토) - 예비일정','야구바지 필수','2025-10-25 14:00:00','2025-10-25 18:00:00','방천1구장','달성군 다사읍 방천리 700-29',10000,'시합','2025-10-19 21:30:00','2025-10-19 23:59:00','RZHFUDQGVWHCAMOXXYVDQQZFUGUNBG','RZHFUDQGVWHCAMOXXYVDQQZFUGUNBG','',0,0,0,'unable',0,'2026-01-30 00:43:55','2025-10-19 20:07:03'),('GCYHTRMLKYLEXMELLYTWCUBWAWALXD','20251228-BRXEI','edit','yet','lineup4','10/03(금) - 정규일정','야구바지 필수','2025-10-03 08:00:00','2025-10-03 12:00:00','북구강변1구장','검단동 124',20000,'시합','2025-09-29 19:00:00','2025-10-02 23:59:00',NULL,NULL,NULL,0,0,0,'unable',0,'2026-01-30 00:43:55','2025-12-28 20:57:21');
/*!40000 ALTER TABLE `cls` ENABLE KEYS */;
UNLOCK TABLES;

--
-- Table structure for table `clslineup2log`
--

DROP TABLE IF EXISTS `clslineup2log`;
/*!40101 SET @saved_cs_client     = @@character_set_client */;
/*!50503 SET character_set_client = utf8mb4 */;
CREATE TABLE `clslineup2log` (
  `grpno` char(30) CHARACTER SET utf8mb4 COLLATE utf8mb4_unicode_ci NOT NULL,
  `clsno` char(14) CHARACTER SET utf8mb4 COLLATE utf8mb4_unicode_ci NOT NULL,
  `teamname` char(10) CHARACTER SET utf8mb4 COLLATE utf8mb4_unicode_ci NOT NULL,
  `orderno` int NOT NULL,
  `logno` int NOT NULL,
  `logtype` enum('insert','delete') CHARACTER SET utf8mb4 COLLATE utf8mb4_unicode_ci DEFAULT NULL,
  `userno` varchar(30) CHARACTER SET utf8mb4 COLLATE utf8mb4_unicode_ci DEFAULT NULL,
  `regdt` datetime DEFAULT NULL,
  PRIMARY KEY (`grpno`,`clsno`,`teamname`,`orderno`,`logno`)
) ENGINE=InnoDB DEFAULT CHARSET=utf8mb4 COLLATE=utf8mb4_unicode_ci;
/*!40101 SET character_set_client = @saved_cs_client */;

--
-- Dumping data for table `clslineup2log`
--

LOCK TABLES `clslineup2log` WRITE;
/*!40000 ALTER TABLE `clslineup2log` DISABLE KEYS */;
/*!40000 ALTER TABLE `clslineup2log` ENABLE KEYS */;
UNLOCK TABLES;

--
-- Table structure for table `clslineupa`
--

DROP TABLE IF EXISTS `clslineupa`;
/*!40101 SET @saved_cs_client     = @@character_set_client */;
/*!50503 SET character_set_client = utf8mb4 */;
CREATE TABLE `clslineupa` (
  `grpno` char(30) COLLATE utf8mb4_unicode_ci NOT NULL,
  `clsno` char(14) COLLATE utf8mb4_unicode_ci NOT NULL,
  `lineupidx` int NOT NULL,
  `lineupname` varchar(20) COLLATE utf8mb4_unicode_ci DEFAULT NULL,
  PRIMARY KEY (`grpno`,`clsno`,`lineupidx`)
) ENGINE=InnoDB DEFAULT CHARSET=utf8mb4 COLLATE=utf8mb4_unicode_ci;
/*!40101 SET character_set_client = @saved_cs_client */;

--
-- Dumping data for table `clslineupa`
--

LOCK TABLES `clslineupa` WRITE;
/*!40000 ALTER TABLE `clslineupa` DISABLE KEYS */;
INSERT INTO `clslineupa` (`grpno`, `clsno`, `lineupidx`, `lineupname`) VALUES ('GCYHTRMLKYLEXMELLYTWCUBWAWALXD','20250929-MEZLC',1,'아너스'),('GCYHTRMLKYLEXMELLYTWCUBWAWALXD','20250929-MEZLC',2,'당근'),('GCYHTRMLKYLEXMELLYTWCUBWAWALXD','20250929-MEZLC',3,'아너스'),('GCYHTRMLKYLEXMELLYTWCUBWAWALXD','20250929-MEZLC',4,'당근'),('GCYHTRMLKYLEXMELLYTWCUBWAWALXD','20250929-ORLMF',1,'아너스'),('GCYHTRMLKYLEXMELLYTWCUBWAWALXD','20250929-ORLMF',2,'당근'),('GCYHTRMLKYLEXMELLYTWCUBWAWALXD','20250929-ORLMF',3,'아너스'),('GCYHTRMLKYLEXMELLYTWCUBWAWALXD','20250929-ORLMF',4,'당근'),('GCYHTRMLKYLEXMELLYTWCUBWAWALXD','20251019-JEPQC',1,'A'),('GCYHTRMLKYLEXMELLYTWCUBWAWALXD','20251019-JPNPU',1,'A'),('GCYHTRMLKYLEXMELLYTWCUBWAWALXD','20251019-JPNPU',2,'B'),('GCYHTRMLKYLEXMELLYTWCUBWAWALXD','20251228-BRXEI',1,'아너스'),('GCYHTRMLKYLEXMELLYTWCUBWAWALXD','20251228-BRXEI',2,'당근'),('GCYHTRMLKYLEXMELLYTWCUBWAWALXD','20251228-BRXEI',3,'아너스'),('GCYHTRMLKYLEXMELLYTWCUBWAWALXD','20251228-BRXEI',4,'당근');
/*!40000 ALTER TABLE `clslineupa` ENABLE KEYS */;
UNLOCK TABLES;

--
-- Table structure for table `clslineupb`
--

DROP TABLE IF EXISTS `clslineupb`;
/*!40101 SET @saved_cs_client     = @@character_set_client */;
/*!50503 SET character_set_client = utf8mb4 */;
CREATE TABLE `clslineupb` (
  `grpno` char(30) COLLATE utf8mb4_unicode_ci NOT NULL,
  `clsno` char(14) COLLATE utf8mb4_unicode_ci NOT NULL,
  `lineupidx` char(10) COLLATE utf8mb4_unicode_ci NOT NULL,
  `orderno` int NOT NULL,
  `battingflg` enum('n','y') COLLATE utf8mb4_unicode_ci DEFAULT NULL,
  `position` char(10) COLLATE utf8mb4_unicode_ci DEFAULT NULL,
  `userno` char(30) COLLATE utf8mb4_unicode_ci DEFAULT NULL,
  `username` char(30) COLLATE utf8mb4_unicode_ci DEFAULT NULL,
  `userregdt` datetime DEFAULT NULL,
  `bill` int DEFAULT NULL,
  `etc` varchar(100) COLLATE utf8mb4_unicode_ci DEFAULT NULL,
  PRIMARY KEY (`grpno`,`clsno`,`lineupidx`,`orderno`)
) ENGINE=InnoDB DEFAULT CHARSET=utf8mb4 COLLATE=utf8mb4_unicode_ci;
/*!40101 SET character_set_client = @saved_cs_client */;

--
-- Dumping data for table `clslineupb`
--

LOCK TABLES `clslineupb` WRITE;
/*!40000 ALTER TABLE `clslineupb` DISABLE KEYS */;
INSERT INTO `clslineupb` (`grpno`, `clsno`, `lineupidx`, `orderno`, `battingflg`, `position`, `userno`, `username`, `userregdt`, `bill`, `etc`) VALUES ('GCYHTRMLKYLEXMELLYTWCUBWAWALXD','20250929-MEZLC','1',1,'y','C','CHJPEZGENAPDMCYMMALSANMTQVDFFR','허윤재','2025-09-29 19:58:47',10000,NULL),('GCYHTRMLKYLEXMELLYTWCUBWAWALXD','20250929-MEZLC','1',2,'y','DH','JTOANJPDZGHYZKEMYXPSMIEXMWYMYH','박종범','2025-09-29 19:04:36',10000,NULL),('GCYHTRMLKYLEXMELLYTWCUBWAWALXD','20250929-MEZLC','1',3,'y','RF','RZHFUDQGVWHCAMOXXYVDQQZFUGUNBG','서준형','2025-10-02 23:13:23',10000,NULL),('GCYHTRMLKYLEXMELLYTWCUBWAWALXD','20250929-MEZLC','1',4,'y','CF','','',NULL,10000,NULL),('GCYHTRMLKYLEXMELLYTWCUBWAWALXD','20250929-MEZLC','1',5,'y','LF','','',NULL,10000,NULL),('GCYHTRMLKYLEXMELLYTWCUBWAWALXD','20250929-MEZLC','1',6,'y','1B','NEOAYVOFLLJEJVBZEXZAEHVFIPCIGM','김재훈','2025-09-29 19:46:31',10000,NULL),('GCYHTRMLKYLEXMELLYTWCUBWAWALXD','20250929-MEZLC','1',7,'y','2B','TKPHEJZQOAULOBTJSTENDLDJWMMKTO','이희태','2025-09-29 19:37:49',10000,NULL),('GCYHTRMLKYLEXMELLYTWCUBWAWALXD','20250929-MEZLC','1',8,'y','3B','KSJJKNUNXSWAJGSCSMTRKKEODUWMQP','배동수','2025-09-29 19:43:36',10000,NULL),('GCYHTRMLKYLEXMELLYTWCUBWAWALXD','20250929-MEZLC','1',9,'y','SS','XEDUCWDREMJNGKPZNMYQTVSXQTOTAY','박상현','2025-09-29 19:08:25',10000,NULL),('GCYHTRMLKYLEXMELLYTWCUBWAWALXD','20250929-MEZLC','1',10,'n','SP','SBCKSZTHUGMTHFOGDKMJTNQGXOMRVZ','정우용','2025-09-29 19:10:17',10000,NULL),('GCYHTRMLKYLEXMELLYTWCUBWAWALXD','20250929-MEZLC','1',11,'n','RP','TKPHEJZQOAULOBTJSTENDLDJWMMKTO','이희태','2025-09-29 19:38:04',0,NULL),('GCYHTRMLKYLEXMELLYTWCUBWAWALXD','20250929-MEZLC','1',12,'n','CP','XEDUCWDREMJNGKPZNMYQTVSXQTOTAY','박상현','2025-09-29 19:08:36',0,NULL),('GCYHTRMLKYLEXMELLYTWCUBWAWALXD','20250929-MEZLC','2',1,'y','C','GQQEJFYHZLANVYUZDOLRGHYWYRXRYN','박민철','2025-09-29 19:08:08',10000,NULL),('GCYHTRMLKYLEXMELLYTWCUBWAWALXD','20250929-MEZLC','2',2,'y','DH','YICWTXUKKVXILGNCTMSFSFRZWDKMGR','이도윤','2025-09-30 19:48:17',10000,NULL),('GCYHTRMLKYLEXMELLYTWCUBWAWALXD','20250929-MEZLC','2',3,'y','RF','INIWOBYMMUYMOFIKVIBSYMZEIXTUEA','권민욱','2025-09-29 21:47:41',10000,NULL),('GCYHTRMLKYLEXMELLYTWCUBWAWALXD','20250929-MEZLC','2',4,'y','CF','BFOIICINSBWKACAMSUAUSTHDKWKPJI','전진우','2025-09-29 19:22:24',10000,NULL),('GCYHTRMLKYLEXMELLYTWCUBWAWALXD','20250929-MEZLC','2',5,'y','LF','WPZEPLBLSLLVBUEGCJHJUFLEAGRRRW','박정규','2025-09-29 19:14:01',10000,NULL),('GCYHTRMLKYLEXMELLYTWCUBWAWALXD','20250929-MEZLC','2',6,'y','1B','BAHPEHFTYGRSXSJXNJRIAOLGWVZPLH','김태진','2025-09-29 19:06:09',10000,NULL),('GCYHTRMLKYLEXMELLYTWCUBWAWALXD','20250929-MEZLC','2',7,'y','2B','GWETWJPAOHLTHTXHYMHHXIDZFJAJSZ','이병철','2025-09-29 19:03:44',10000,NULL),('GCYHTRMLKYLEXMELLYTWCUBWAWALXD','20250929-MEZLC','2',8,'y','3B','LAPCPMDNTIWZCXIGMIETNBWMZQLWFH','박해석','2025-09-29 19:00:31',10000,NULL),('GCYHTRMLKYLEXMELLYTWCUBWAWALXD','20250929-MEZLC','2',9,'y','SS','LJACLAGKLPLYLJYFBTMZZDUFEALFFB','양영모','2025-09-29 19:00:10',10000,NULL),('GCYHTRMLKYLEXMELLYTWCUBWAWALXD','20250929-MEZLC','2',10,'n','SP','RDJTQNTMFVXBLKNUMIXFGFLUPHKVMP','석창민','2025-09-29 19:01:30',10000,NULL),('GCYHTRMLKYLEXMELLYTWCUBWAWALXD','20250929-MEZLC','2',11,'n','RP','WPZEPLBLSLLVBUEGCJHJUFLEAGRRRW','박정규','2025-09-29 19:14:11',0,NULL),('GCYHTRMLKYLEXMELLYTWCUBWAWALXD','20250929-MEZLC','2',12,'n','CP',NULL,NULL,NULL,0,NULL),('GCYHTRMLKYLEXMELLYTWCUBWAWALXD','20250929-MEZLC','3',1,'y','C','SBCKSZTHUGMTHFOGDKMJTNQGXOMRVZ','정우용','2025-09-29 21:20:17',10000,NULL),('GCYHTRMLKYLEXMELLYTWCUBWAWALXD','20250929-MEZLC','3',2,'y','DH','JTOANJPDZGHYZKEMYXPSMIEXMWYMYH','박종범','2025-09-29 19:05:40',10000,NULL),('GCYHTRMLKYLEXMELLYTWCUBWAWALXD','20250929-MEZLC','3',3,'y','RF','','',NULL,10000,NULL),('GCYHTRMLKYLEXMELLYTWCUBWAWALXD','20250929-MEZLC','3',4,'y','CF','TKPHEJZQOAULOBTJSTENDLDJWMMKTO','이희태','2025-09-29 19:38:29',10000,NULL),('GCYHTRMLKYLEXMELLYTWCUBWAWALXD','20250929-MEZLC','3',5,'y','LF','AXBWEGAGLACBNHLZCBGIZBJZLMDJPJ','오정현','2025-09-29 22:07:10',10000,NULL),('GCYHTRMLKYLEXMELLYTWCUBWAWALXD','20250929-MEZLC','3',6,'y','1B','NEOAYVOFLLJEJVBZEXZAEHVFIPCIGM','김재훈','2025-09-29 19:48:25',10000,NULL),('GCYHTRMLKYLEXMELLYTWCUBWAWALXD','20250929-MEZLC','3',7,'y','2B','CHJPEZGENAPDMCYMMALSANMTQVDFFR','허윤재','2025-09-29 19:59:02',10000,NULL),('GCYHTRMLKYLEXMELLYTWCUBWAWALXD','20250929-MEZLC','3',8,'y','3B','KSJJKNUNXSWAJGSCSMTRKKEODUWMQP','배동수','2025-09-30 09:11:18',10000,NULL),('GCYHTRMLKYLEXMELLYTWCUBWAWALXD','20250929-MEZLC','3',9,'y','SS','XEDUCWDREMJNGKPZNMYQTVSXQTOTAY','박상현','2025-09-29 19:08:57',10000,NULL),('GCYHTRMLKYLEXMELLYTWCUBWAWALXD','20250929-MEZLC','3',10,'n','SP','','',NULL,10000,NULL),('GCYHTRMLKYLEXMELLYTWCUBWAWALXD','20250929-MEZLC','3',11,'n','RP','TKPHEJZQOAULOBTJSTENDLDJWMMKTO','이희태','2025-09-29 19:38:38',0,NULL),('GCYHTRMLKYLEXMELLYTWCUBWAWALXD','20250929-MEZLC','3',12,'n','CP','','',NULL,0,NULL),('GCYHTRMLKYLEXMELLYTWCUBWAWALXD','20250929-MEZLC','4',1,'y','C','BAHPEHFTYGRSXSJXNJRIAOLGWVZPLH','김효근','2025-09-29 19:08:39',10000,NULL),('GCYHTRMLKYLEXMELLYTWCUBWAWALXD','20250929-MEZLC','4',2,'y','DH','AETRLFDDQMIUISMWWACUXIXQGAAEOV','당근신규','2025-09-29 16:02:06',10000,NULL),('GCYHTRMLKYLEXMELLYTWCUBWAWALXD','20250929-MEZLC','4',3,'y','RF','GQQEJFYHZLANVYUZDOLRGHYWYRXRYN','박민철','2025-09-29 19:10:15',10000,NULL),('GCYHTRMLKYLEXMELLYTWCUBWAWALXD','20250929-MEZLC','4',4,'y','CF','LJACLAGKLPLYLJYFBTMZZDUFEALFFB','양영모','2025-09-29 20:09:17',10000,NULL),('GCYHTRMLKYLEXMELLYTWCUBWAWALXD','20250929-MEZLC','4',5,'y','LF','INIWOBYMMUYMOFIKVIBSYMZEIXTUEA','권민욱','2025-09-29 22:18:09',10000,NULL),('GCYHTRMLKYLEXMELLYTWCUBWAWALXD','20250929-MEZLC','4',6,'y','1B','BFOIICINSBWKACAMSUAUSTHDKWKPJI','전진우','2025-09-29 19:22:11',10000,NULL),('GCYHTRMLKYLEXMELLYTWCUBWAWALXD','20250929-MEZLC','4',7,'y','2B','GWETWJPAOHLTHTXHYMHHXIDZFJAJSZ','이병철','2025-09-29 19:25:04',10000,NULL),('GCYHTRMLKYLEXMELLYTWCUBWAWALXD','20250929-MEZLC','4',8,'y','3B','RDJTQNTMFVXBLKNUMIXFGFLUPHKVMP','석창민','2025-09-29 19:01:39',10000,NULL),('GCYHTRMLKYLEXMELLYTWCUBWAWALXD','20250929-MEZLC','4',9,'y','SS','LAPCPMDNTIWZCXIGMIETNBWMZQLWFH','박해석','2025-09-29 19:01:10',10000,NULL),('GCYHTRMLKYLEXMELLYTWCUBWAWALXD','20250929-MEZLC','4',10,'n','SP','BAHPEHFTYGRSXSJXNJRIAOLGWVZPLH','김태진','2025-09-29 19:06:21',10000,NULL),('GCYHTRMLKYLEXMELLYTWCUBWAWALXD','20250929-MEZLC','4',11,'n','RP','GQQEJFYHZLANVYUZDOLRGHYWYRXRYN','박민철','2025-09-29 19:17:16',0,NULL),('GCYHTRMLKYLEXMELLYTWCUBWAWALXD','20250929-MEZLC','4',12,'n','CP','','',NULL,0,NULL),('GCYHTRMLKYLEXMELLYTWCUBWAWALXD','20250929-ORLMF','1',1,'y','C','RZHFUDQGVWHCAMOXXYVDQQZFUGUNBG','서준형','2025-09-30 08:55:57',10000,NULL),('GCYHTRMLKYLEXMELLYTWCUBWAWALXD','20250929-ORLMF','1',2,'y','DH','JTOANJPDZGHYZKEMYXPSMIEXMWYMYH','박종범','2025-09-29 19:04:24',10000,NULL),('GCYHTRMLKYLEXMELLYTWCUBWAWALXD','20250929-ORLMF','1',3,'y','RF',NULL,NULL,NULL,10000,NULL),('GCYHTRMLKYLEXMELLYTWCUBWAWALXD','20250929-ORLMF','1',4,'y','CF','NEOAYVOFLLJEJVBZEXZAEHVFIPCIGM','김재훈','2025-09-29 19:49:30',10000,NULL),('GCYHTRMLKYLEXMELLYTWCUBWAWALXD','20250929-ORLMF','1',5,'y','LF',NULL,NULL,NULL,10000,NULL),('GCYHTRMLKYLEXMELLYTWCUBWAWALXD','20250929-ORLMF','1',6,'y','1B',NULL,NULL,NULL,10000,NULL),('GCYHTRMLKYLEXMELLYTWCUBWAWALXD','20250929-ORLMF','1',7,'y','2B',NULL,NULL,NULL,10000,NULL),('GCYHTRMLKYLEXMELLYTWCUBWAWALXD','20250929-ORLMF','1',8,'y','3B',NULL,NULL,NULL,10000,NULL),('GCYHTRMLKYLEXMELLYTWCUBWAWALXD','20250929-ORLMF','1',9,'y','SS','XEDUCWDREMJNGKPZNMYQTVSXQTOTAY','박상현','2025-09-29 19:09:22',10000,NULL),('GCYHTRMLKYLEXMELLYTWCUBWAWALXD','20250929-ORLMF','1',10,'n','SP','CHJPEZGENAPDMCYMMALSANMTQVDFFR','허윤재','2025-09-29 19:59:30',10000,NULL),('GCYHTRMLKYLEXMELLYTWCUBWAWALXD','20250929-ORLMF','1',11,'n','RP',NULL,NULL,NULL,0,NULL),('GCYHTRMLKYLEXMELLYTWCUBWAWALXD','20250929-ORLMF','1',12,'n','CP','XEDUCWDREMJNGKPZNMYQTVSXQTOTAY','박상현','2025-09-29 19:09:28',0,NULL),('GCYHTRMLKYLEXMELLYTWCUBWAWALXD','20250929-ORLMF','2',1,'y','C','FGBVRQKIRIYZXZRKRTAOIZXZGNUNTS','권순철','2025-09-30 19:17:05',10000,NULL),('GCYHTRMLKYLEXMELLYTWCUBWAWALXD','20250929-ORLMF','2',2,'y','DH','AETRLFDDQMIUISMWWACUXIXQGAAEOV','당근신규','2025-09-29 16:01:30',10000,NULL),('GCYHTRMLKYLEXMELLYTWCUBWAWALXD','20250929-ORLMF','2',3,'y','RF','BFOIICINSBWKACAMSUAUSTHDKWKPJI','전진우','2025-09-29 19:21:10',10000,NULL),('GCYHTRMLKYLEXMELLYTWCUBWAWALXD','20250929-ORLMF','2',4,'y','CF','KYYTJJTSWTHWWIXCQPLBBTLZRCYIAL','이수규','2025-09-29 19:14:59',10000,NULL),('GCYHTRMLKYLEXMELLYTWCUBWAWALXD','20250929-ORLMF','2',5,'y','LF','SXMMNKAWQFUQMWMUEKQJFOIWAWUEBE','최민환','2025-09-29 19:00:13',10000,NULL),('GCYHTRMLKYLEXMELLYTWCUBWAWALXD','20250929-ORLMF','2',6,'y','1B','UDFCQAHODIVWEHXUAABEKBVOTUGMMG','황대섭','2025-09-29 19:03:42',10000,NULL),('GCYHTRMLKYLEXMELLYTWCUBWAWALXD','20250929-ORLMF','2',7,'y','2B','CFVPAGVDVSVEAQQYTFHZASUJLHOKRA','최우성','2025-09-29 19:08:21',10000,NULL),('GCYHTRMLKYLEXMELLYTWCUBWAWALXD','20250929-ORLMF','2',8,'y','3B','BBQMXCZSQLPOLVMQLJJLWCGJMWVMJS','김병규','2025-09-29 19:00:20',10000,NULL),('GCYHTRMLKYLEXMELLYTWCUBWAWALXD','20250929-ORLMF','2',9,'y','SS','GWETWJPAOHLTHTXHYMHHXIDZFJAJSZ','이병철','2025-09-29 19:03:14',10000,NULL),('GCYHTRMLKYLEXMELLYTWCUBWAWALXD','20250929-ORLMF','2',10,'n','SP','RDJTQNTMFVXBLKNUMIXFGFLUPHKVMP','석창민','2025-09-29 19:01:04',10000,NULL),('GCYHTRMLKYLEXMELLYTWCUBWAWALXD','20250929-ORLMF','2',11,'n','RP',NULL,NULL,NULL,0,NULL),('GCYHTRMLKYLEXMELLYTWCUBWAWALXD','20250929-ORLMF','2',12,'n','CP',NULL,NULL,NULL,0,NULL),('GCYHTRMLKYLEXMELLYTWCUBWAWALXD','20250929-ORLMF','3',1,'y','C',NULL,NULL,NULL,10000,NULL),('GCYHTRMLKYLEXMELLYTWCUBWAWALXD','20250929-ORLMF','3',2,'y','DH','JTOANJPDZGHYZKEMYXPSMIEXMWYMYH','박종범','2025-09-29 19:05:23',10000,NULL),('GCYHTRMLKYLEXMELLYTWCUBWAWALXD','20250929-ORLMF','3',3,'y','RF',NULL,NULL,NULL,10000,NULL),('GCYHTRMLKYLEXMELLYTWCUBWAWALXD','20250929-ORLMF','3',4,'y','CF','RZHFUDQGVWHCAMOXXYVDQQZFUGUNBG','서준형','2025-09-30 08:56:37',10000,NULL),('GCYHTRMLKYLEXMELLYTWCUBWAWALXD','20250929-ORLMF','3',5,'y','LF',NULL,NULL,NULL,10000,NULL),('GCYHTRMLKYLEXMELLYTWCUBWAWALXD','20250929-ORLMF','3',6,'y','1B',NULL,NULL,NULL,10000,NULL),('GCYHTRMLKYLEXMELLYTWCUBWAWALXD','20250929-ORLMF','3',7,'y','2B','CHJPEZGENAPDMCYMMALSANMTQVDFFR','허윤재','2025-09-29 19:59:48',10000,NULL),('GCYHTRMLKYLEXMELLYTWCUBWAWALXD','20250929-ORLMF','3',8,'y','3B',NULL,NULL,NULL,10000,NULL),('GCYHTRMLKYLEXMELLYTWCUBWAWALXD','20250929-ORLMF','3',9,'y','SS','XEDUCWDREMJNGKPZNMYQTVSXQTOTAY','박상현','2025-09-29 19:09:36',10000,NULL),('GCYHTRMLKYLEXMELLYTWCUBWAWALXD','20250929-ORLMF','3',10,'n','SP',NULL,NULL,NULL,10000,NULL),('GCYHTRMLKYLEXMELLYTWCUBWAWALXD','20250929-ORLMF','3',11,'n','RP',NULL,NULL,NULL,0,NULL),('GCYHTRMLKYLEXMELLYTWCUBWAWALXD','20250929-ORLMF','3',12,'n','CP','XEDUCWDREMJNGKPZNMYQTVSXQTOTAY','박상현','2025-09-29 19:09:46',0,NULL),('GCYHTRMLKYLEXMELLYTWCUBWAWALXD','20250929-ORLMF','4',1,'y','C',NULL,NULL,NULL,10000,NULL),('GCYHTRMLKYLEXMELLYTWCUBWAWALXD','20250929-ORLMF','4',2,'y','DH','AETRLFDDQMIUISMWWACUXIXQGAAEOV','당근신규','2025-09-29 16:01:45',10000,NULL),('GCYHTRMLKYLEXMELLYTWCUBWAWALXD','20250929-ORLMF','4',3,'y','RF','UDFCQAHODIVWEHXUAABEKBVOTUGMMG','황대섭','2025-09-29 19:56:34',10000,NULL),('GCYHTRMLKYLEXMELLYTWCUBWAWALXD','20250929-ORLMF','4',4,'y','CF','SXMMNKAWQFUQMWMUEKQJFOIWAWUEBE','최민환','2025-09-29 19:00:22',10000,NULL),('GCYHTRMLKYLEXMELLYTWCUBWAWALXD','20250929-ORLMF','4',5,'y','LF','BBQMXCZSQLPOLVMQLJJLWCGJMWVMJS','김병규','2025-09-29 19:00:32',10000,NULL),('GCYHTRMLKYLEXMELLYTWCUBWAWALXD','20250929-ORLMF','4',6,'y','1B','KYYTJJTSWTHWWIXCQPLBBTLZRCYIAL','이수규','2025-09-29 19:14:43',10000,NULL),('GCYHTRMLKYLEXMELLYTWCUBWAWALXD','20250929-ORLMF','4',7,'y','2B','CFVPAGVDVSVEAQQYTFHZASUJLHOKRA','최우성','2025-09-29 19:02:54',10000,NULL),('GCYHTRMLKYLEXMELLYTWCUBWAWALXD','20250929-ORLMF','4',8,'y','3B','RDJTQNTMFVXBLKNUMIXFGFLUPHKVMP','석창민','2025-09-29 19:01:17',10000,NULL),('GCYHTRMLKYLEXMELLYTWCUBWAWALXD','20250929-ORLMF','4',9,'y','SS','GWETWJPAOHLTHTXHYMHHXIDZFJAJSZ','이병철','2025-09-29 19:04:41',10000,NULL),('GCYHTRMLKYLEXMELLYTWCUBWAWALXD','20250929-ORLMF','4',10,'n','SP','BFOIICINSBWKACAMSUAUSTHDKWKPJI','전진우','2025-09-29 19:21:33',10000,NULL),('GCYHTRMLKYLEXMELLYTWCUBWAWALXD','20250929-ORLMF','4',11,'n','RP',NULL,NULL,NULL,0,NULL),('GCYHTRMLKYLEXMELLYTWCUBWAWALXD','20250929-ORLMF','4',12,'n','CP',NULL,NULL,NULL,0,NULL),('GCYHTRMLKYLEXMELLYTWCUBWAWALXD','20251019-JEPQC','1',1,'y','C','RZHFUDQGVWHCAMOXXYVDQQZFUGUNBG','김준형','2025-10-31 21:32:35',10000,NULL),('GCYHTRMLKYLEXMELLYTWCUBWAWALXD','20251019-JEPQC','1',2,'y','DH','RZHFUDQGVWHCAMOXXYVDQQZFUGUNBG','테스트','2025-10-31 21:53:05',10000,NULL),('GCYHTRMLKYLEXMELLYTWCUBWAWALXD','20251019-JEPQC','1',3,'y','RF','BIXKHMZVMQIJQXHOCHXXCTSKOHWLDA','테스트','2025-10-31 21:53:15',10000,NULL),('GCYHTRMLKYLEXMELLYTWCUBWAWALXD','20251019-JEPQC','1',4,'y','CF',NULL,NULL,NULL,10000,NULL),('GCYHTRMLKYLEXMELLYTWCUBWAWALXD','20251019-JEPQC','1',5,'y','LF',NULL,NULL,NULL,10000,NULL),('GCYHTRMLKYLEXMELLYTWCUBWAWALXD','20251019-JEPQC','1',6,'y','1B',NULL,NULL,NULL,10000,NULL),('GCYHTRMLKYLEXMELLYTWCUBWAWALXD','20251019-JEPQC','1',7,'y','2B',NULL,NULL,NULL,10000,NULL),('GCYHTRMLKYLEXMELLYTWCUBWAWALXD','20251019-JEPQC','1',8,'y','3B',NULL,NULL,NULL,10000,NULL),('GCYHTRMLKYLEXMELLYTWCUBWAWALXD','20251019-JEPQC','1',9,'y','SS',NULL,NULL,NULL,10000,NULL),('GCYHTRMLKYLEXMELLYTWCUBWAWALXD','20251019-JEPQC','1',10,'n','SP',NULL,NULL,NULL,10000,NULL),('GCYHTRMLKYLEXMELLYTWCUBWAWALXD','20251019-JEPQC','1',11,'n','RP',NULL,NULL,NULL,10000,NULL),('GCYHTRMLKYLEXMELLYTWCUBWAWALXD','20251019-JPNPU','1',1,'y','C','RZHFUDQGVWHCAMOXXYVDQQZFUGUNBG','서준형','2025-10-27 13:30:11',10000,NULL),('GCYHTRMLKYLEXMELLYTWCUBWAWALXD','20251019-JPNPU','1',2,'y','DH',NULL,NULL,NULL,10000,NULL),('GCYHTRMLKYLEXMELLYTWCUBWAWALXD','20251019-JPNPU','1',3,'y','RF',NULL,NULL,NULL,10000,NULL),('GCYHTRMLKYLEXMELLYTWCUBWAWALXD','20251019-JPNPU','1',4,'y','CF',NULL,NULL,NULL,10000,NULL),('GCYHTRMLKYLEXMELLYTWCUBWAWALXD','20251019-JPNPU','1',5,'y','LF',NULL,NULL,NULL,10000,NULL),('GCYHTRMLKYLEXMELLYTWCUBWAWALXD','20251019-JPNPU','1',6,'y','1B',NULL,NULL,NULL,10000,NULL),('GCYHTRMLKYLEXMELLYTWCUBWAWALXD','20251019-JPNPU','1',7,'y','2B',NULL,NULL,NULL,10000,NULL),('GCYHTRMLKYLEXMELLYTWCUBWAWALXD','20251019-JPNPU','1',8,'y','3B',NULL,NULL,NULL,10000,NULL),('GCYHTRMLKYLEXMELLYTWCUBWAWALXD','20251019-JPNPU','1',9,'y','SS',NULL,NULL,NULL,10000,NULL),('GCYHTRMLKYLEXMELLYTWCUBWAWALXD','20251019-JPNPU','1',10,'n','SP',NULL,NULL,NULL,10000,NULL),('GCYHTRMLKYLEXMELLYTWCUBWAWALXD','20251019-JPNPU','1',11,'n','RP',NULL,NULL,NULL,10000,NULL),('GCYHTRMLKYLEXMELLYTWCUBWAWALXD','20251019-JPNPU','2',1,'y','C',NULL,NULL,NULL,10000,NULL),('GCYHTRMLKYLEXMELLYTWCUBWAWALXD','20251019-JPNPU','2',2,'y','DH',NULL,NULL,NULL,10000,NULL),('GCYHTRMLKYLEXMELLYTWCUBWAWALXD','20251019-JPNPU','2',3,'y','RF',NULL,NULL,NULL,10000,NULL),('GCYHTRMLKYLEXMELLYTWCUBWAWALXD','20251019-JPNPU','2',4,'y','CF',NULL,NULL,NULL,10000,NULL),('GCYHTRMLKYLEXMELLYTWCUBWAWALXD','20251019-JPNPU','2',5,'y','LF',NULL,NULL,NULL,10000,NULL),('GCYHTRMLKYLEXMELLYTWCUBWAWALXD','20251019-JPNPU','2',6,'y','1B',NULL,NULL,NULL,10000,NULL),('GCYHTRMLKYLEXMELLYTWCUBWAWALXD','20251019-JPNPU','2',7,'y','2B',NULL,NULL,NULL,10000,NULL),('GCYHTRMLKYLEXMELLYTWCUBWAWALXD','20251019-JPNPU','2',8,'y','3B',NULL,NULL,NULL,10000,NULL),('GCYHTRMLKYLEXMELLYTWCUBWAWALXD','20251019-JPNPU','2',9,'y','SS',NULL,NULL,NULL,10000,NULL),('GCYHTRMLKYLEXMELLYTWCUBWAWALXD','20251019-JPNPU','2',10,'n','SP',NULL,NULL,NULL,10000,NULL),('GCYHTRMLKYLEXMELLYTWCUBWAWALXD','20251019-JPNPU','2',11,'n','RP',NULL,NULL,NULL,10000,NULL),('GCYHTRMLKYLEXMELLYTWCUBWAWALXD','20251228-BRXEI','1',1,'y','C',NULL,NULL,NULL,10000,NULL),('GCYHTRMLKYLEXMELLYTWCUBWAWALXD','20251228-BRXEI','1',2,'y','DH',NULL,NULL,NULL,10000,NULL),('GCYHTRMLKYLEXMELLYTWCUBWAWALXD','20251228-BRXEI','1',3,'y','RF',NULL,NULL,NULL,10000,NULL),('GCYHTRMLKYLEXMELLYTWCUBWAWALXD','20251228-BRXEI','1',4,'y','CF',NULL,NULL,NULL,10000,NULL),('GCYHTRMLKYLEXMELLYTWCUBWAWALXD','20251228-BRXEI','1',5,'y','LF',NULL,NULL,NULL,10000,NULL),('GCYHTRMLKYLEXMELLYTWCUBWAWALXD','20251228-BRXEI','1',6,'y','1B',NULL,NULL,NULL,10000,NULL),('GCYHTRMLKYLEXMELLYTWCUBWAWALXD','20251228-BRXEI','1',7,'y','2B',NULL,NULL,NULL,10000,NULL),('GCYHTRMLKYLEXMELLYTWCUBWAWALXD','20251228-BRXEI','1',8,'y','3B',NULL,NULL,NULL,10000,NULL),('GCYHTRMLKYLEXMELLYTWCUBWAWALXD','20251228-BRXEI','1',9,'y','SS',NULL,NULL,NULL,10000,NULL),('GCYHTRMLKYLEXMELLYTWCUBWAWALXD','20251228-BRXEI','1',10,'n','SP',NULL,NULL,NULL,10000,NULL),('GCYHTRMLKYLEXMELLYTWCUBWAWALXD','20251228-BRXEI','1',11,'n','RP',NULL,NULL,NULL,0,NULL),('GCYHTRMLKYLEXMELLYTWCUBWAWALXD','20251228-BRXEI','1',12,'n','CP',NULL,NULL,NULL,0,NULL),('GCYHTRMLKYLEXMELLYTWCUBWAWALXD','20251228-BRXEI','2',1,'y','C',NULL,NULL,NULL,10000,NULL),('GCYHTRMLKYLEXMELLYTWCUBWAWALXD','20251228-BRXEI','2',2,'y','DH',NULL,NULL,NULL,10000,NULL),('GCYHTRMLKYLEXMELLYTWCUBWAWALXD','20251228-BRXEI','2',3,'y','RF',NULL,NULL,NULL,10000,NULL),('GCYHTRMLKYLEXMELLYTWCUBWAWALXD','20251228-BRXEI','2',4,'y','CF',NULL,NULL,NULL,10000,NULL),('GCYHTRMLKYLEXMELLYTWCUBWAWALXD','20251228-BRXEI','2',5,'y','LF',NULL,NULL,NULL,10000,NULL),('GCYHTRMLKYLEXMELLYTWCUBWAWALXD','20251228-BRXEI','2',6,'y','1B',NULL,NULL,NULL,10000,NULL),('GCYHTRMLKYLEXMELLYTWCUBWAWALXD','20251228-BRXEI','2',7,'y','2B',NULL,NULL,NULL,10000,NULL),('GCYHTRMLKYLEXMELLYTWCUBWAWALXD','20251228-BRXEI','2',8,'y','3B',NULL,NULL,NULL,10000,NULL),('GCYHTRMLKYLEXMELLYTWCUBWAWALXD','20251228-BRXEI','2',9,'y','SS',NULL,NULL,NULL,10000,NULL),('GCYHTRMLKYLEXMELLYTWCUBWAWALXD','20251228-BRXEI','2',10,'n','SP',NULL,NULL,NULL,10000,NULL),('GCYHTRMLKYLEXMELLYTWCUBWAWALXD','20251228-BRXEI','2',11,'n','RP',NULL,NULL,NULL,0,NULL),('GCYHTRMLKYLEXMELLYTWCUBWAWALXD','20251228-BRXEI','2',12,'n','CP',NULL,NULL,NULL,0,NULL),('GCYHTRMLKYLEXMELLYTWCUBWAWALXD','20251228-BRXEI','3',1,'y','C',NULL,NULL,NULL,10000,NULL),('GCYHTRMLKYLEXMELLYTWCUBWAWALXD','20251228-BRXEI','3',2,'y','DH',NULL,NULL,NULL,10000,NULL),('GCYHTRMLKYLEXMELLYTWCUBWAWALXD','20251228-BRXEI','3',3,'y','RF',NULL,NULL,NULL,10000,NULL),('GCYHTRMLKYLEXMELLYTWCUBWAWALXD','20251228-BRXEI','3',4,'y','CF',NULL,NULL,NULL,10000,NULL),('GCYHTRMLKYLEXMELLYTWCUBWAWALXD','20251228-BRXEI','3',5,'y','LF',NULL,NULL,NULL,10000,NULL),('GCYHTRMLKYLEXMELLYTWCUBWAWALXD','20251228-BRXEI','3',6,'y','1B',NULL,NULL,NULL,10000,NULL),('GCYHTRMLKYLEXMELLYTWCUBWAWALXD','20251228-BRXEI','3',7,'y','2B',NULL,NULL,NULL,10000,NULL),('GCYHTRMLKYLEXMELLYTWCUBWAWALXD','20251228-BRXEI','3',8,'y','3B',NULL,NULL,NULL,10000,NULL),('GCYHTRMLKYLEXMELLYTWCUBWAWALXD','20251228-BRXEI','3',9,'y','SS',NULL,NULL,NULL,10000,NULL),('GCYHTRMLKYLEXMELLYTWCUBWAWALXD','20251228-BRXEI','3',10,'n','SP',NULL,NULL,NULL,10000,NULL),('GCYHTRMLKYLEXMELLYTWCUBWAWALXD','20251228-BRXEI','3',11,'n','RP',NULL,NULL,NULL,0,NULL),('GCYHTRMLKYLEXMELLYTWCUBWAWALXD','20251228-BRXEI','3',12,'n','CP',NULL,NULL,NULL,0,NULL),('GCYHTRMLKYLEXMELLYTWCUBWAWALXD','20251228-BRXEI','4',1,'y','C',NULL,NULL,NULL,10000,NULL),('GCYHTRMLKYLEXMELLYTWCUBWAWALXD','20251228-BRXEI','4',2,'y','DH',NULL,NULL,NULL,10000,NULL),('GCYHTRMLKYLEXMELLYTWCUBWAWALXD','20251228-BRXEI','4',3,'y','RF',NULL,NULL,NULL,10000,NULL),('GCYHTRMLKYLEXMELLYTWCUBWAWALXD','20251228-BRXEI','4',4,'y','CF',NULL,NULL,NULL,10000,NULL),('GCYHTRMLKYLEXMELLYTWCUBWAWALXD','20251228-BRXEI','4',5,'y','LF',NULL,NULL,NULL,10000,NULL),('GCYHTRMLKYLEXMELLYTWCUBWAWALXD','20251228-BRXEI','4',6,'y','1B',NULL,NULL,NULL,10000,NULL),('GCYHTRMLKYLEXMELLYTWCUBWAWALXD','20251228-BRXEI','4',7,'y','2B',NULL,NULL,NULL,10000,NULL),('GCYHTRMLKYLEXMELLYTWCUBWAWALXD','20251228-BRXEI','4',8,'y','3B',NULL,NULL,NULL,10000,NULL),('GCYHTRMLKYLEXMELLYTWCUBWAWALXD','20251228-BRXEI','4',9,'y','SS',NULL,NULL,NULL,10000,NULL),('GCYHTRMLKYLEXMELLYTWCUBWAWALXD','20251228-BRXEI','4',10,'n','SP',NULL,NULL,NULL,10000,NULL),('GCYHTRMLKYLEXMELLYTWCUBWAWALXD','20251228-BRXEI','4',11,'n','RP',NULL,NULL,NULL,0,NULL),('GCYHTRMLKYLEXMELLYTWCUBWAWALXD','20251228-BRXEI','4',12,'n','CP',NULL,NULL,NULL,0,NULL);
/*!40000 ALTER TABLE `clslineupb` ENABLE KEYS */;
UNLOCK TABLES;

--
-- Table structure for table `clslineuptmpa`
--

DROP TABLE IF EXISTS `clslineuptmpa`;
/*!40101 SET @saved_cs_client     = @@character_set_client */;
/*!50503 SET character_set_client = utf8mb4 */;
CREATE TABLE `clslineuptmpa` (
  `grpno` char(30) COLLATE utf8mb4_unicode_ci NOT NULL,
  `lineupgroup` char(14) COLLATE utf8mb4_unicode_ci NOT NULL,
  `lineupidx` int NOT NULL,
  `lineuptitle` varchar(30) COLLATE utf8mb4_unicode_ci DEFAULT NULL,
  `lineupname` varchar(20) COLLATE utf8mb4_unicode_ci DEFAULT NULL,
  PRIMARY KEY (`grpno`,`lineupgroup`,`lineupidx`)
) ENGINE=InnoDB DEFAULT CHARSET=utf8mb4 COLLATE=utf8mb4_unicode_ci;
/*!40101 SET character_set_client = @saved_cs_client */;

--
-- Dumping data for table `clslineuptmpa`
--

LOCK TABLES `clslineuptmpa` WRITE;
/*!40000 ALTER TABLE `clslineuptmpa` DISABLE KEYS */;
/*!40000 ALTER TABLE `clslineuptmpa` ENABLE KEYS */;
UNLOCK TABLES;

--
-- Table structure for table `clslineuptmpb`
--

DROP TABLE IF EXISTS `clslineuptmpb`;
/*!40101 SET @saved_cs_client     = @@character_set_client */;
/*!50503 SET character_set_client = utf8mb4 */;
CREATE TABLE `clslineuptmpb` (
  `grpno` char(30) COLLATE utf8mb4_unicode_ci NOT NULL,
  `lineupgroup` char(14) COLLATE utf8mb4_unicode_ci NOT NULL,
  `lineupidx` char(10) COLLATE utf8mb4_unicode_ci NOT NULL,
  `orderno` int NOT NULL,
  `battingflg` enum('n','y') COLLATE utf8mb4_unicode_ci DEFAULT NULL,
  `position` char(10) COLLATE utf8mb4_unicode_ci DEFAULT NULL,
  `isfollowstandardbill` enum('n','y') COLLATE utf8mb4_unicode_ci DEFAULT NULL,
  `bill` int DEFAULT NULL,
  PRIMARY KEY (`grpno`,`lineupgroup`,`lineupidx`,`orderno`)
) ENGINE=InnoDB DEFAULT CHARSET=utf8mb4 COLLATE=utf8mb4_unicode_ci;
/*!40101 SET character_set_client = @saved_cs_client */;

--
-- Dumping data for table `clslineuptmpb`
--

LOCK TABLES `clslineuptmpb` WRITE;
/*!40000 ALTER TABLE `clslineuptmpb` DISABLE KEYS */;
/*!40000 ALTER TABLE `clslineuptmpb` ENABLE KEYS */;
UNLOCK TABLES;

--
-- Table structure for table `clspurchase`
--

DROP TABLE IF EXISTS `clspurchase`;
/*!40101 SET @saved_cs_client     = @@character_set_client */;
/*!50503 SET character_set_client = utf8mb4 */;
CREATE TABLE `clspurchase` (
  `grpno` char(30) CHARACTER SET utf8mb4 COLLATE utf8mb4_unicode_ci NOT NULL,
  `clsno` char(14) CHARACTER SET utf8mb4 COLLATE utf8mb4_unicode_ci NOT NULL,
  `purchaseidx` int NOT NULL,
  `productname` varchar(50) CHARACTER SET utf8mb4 COLLATE utf8mb4_unicode_ci DEFAULT NULL,
  `productbill` int DEFAULT '0',
  `purchasememo` varchar(100) COLLATE utf8mb4_unicode_ci DEFAULT NULL,
  `regdt` datetime DEFAULT NULL,
  PRIMARY KEY (`grpno`,`clsno`,`purchaseidx`)
) ENGINE=InnoDB DEFAULT CHARSET=utf8mb4 COLLATE=utf8mb4_unicode_ci;
/*!40101 SET character_set_client = @saved_cs_client */;

--
-- Dumping data for table `clspurchase`
--

LOCK TABLES `clspurchase` WRITE;
/*!40000 ALTER TABLE `clspurchase` DISABLE KEYS */;
INSERT INTO `clspurchase` (`grpno`, `clsno`, `purchaseidx`, `productname`, `productbill`, `purchasememo`, `regdt`) VALUES ('GCYHTRMLKYLEXMELLYTWCUBWAWALXD','20251019-JEPQC',1,'구매1',10000,NULL,'2026-01-28 21:26:16'),('GCYHTRMLKYLEXMELLYTWCUBWAWALXD','20251019-JEPQC',2,'구매2',10100,'메모','2026-01-28 21:26:17');
/*!40000 ALTER TABLE `clspurchase` ENABLE KEYS */;
UNLOCK TABLES;

--
-- Table structure for table `clspurchasehist`
--

DROP TABLE IF EXISTS `clspurchasehist`;
/*!40101 SET @saved_cs_client     = @@character_set_client */;
/*!50503 SET character_set_client = utf8mb4 */;
CREATE TABLE `clspurchasehist` (
  `grpno` char(30) COLLATE utf8mb4_unicode_ci NOT NULL,
  `clsno` char(14) COLLATE utf8mb4_unicode_ci NOT NULL,
  `purchaseidx` int NOT NULL,
  `histno` int NOT NULL,
  `histtype` enum('insert','update','delete') COLLATE utf8mb4_unicode_ci DEFAULT NULL,
  `productname` varchar(50) COLLATE utf8mb4_unicode_ci DEFAULT NULL,
  `productbill` int DEFAULT '0',
  `productbillafter` int DEFAULT '0',
  `regdt` datetime DEFAULT NULL,
  PRIMARY KEY (`grpno`,`clsno`,`purchaseidx`,`histno`)
) ENGINE=InnoDB DEFAULT CHARSET=utf8mb4 COLLATE=utf8mb4_unicode_ci;
/*!40101 SET character_set_client = @saved_cs_client */;

--
-- Dumping data for table `clspurchasehist`
--

LOCK TABLES `clspurchasehist` WRITE;
/*!40000 ALTER TABLE `clspurchasehist` DISABLE KEYS */;
INSERT INTO `clspurchasehist` (`grpno`, `clsno`, `purchaseidx`, `histno`, `histtype`, `productname`, `productbill`, `productbillafter`, `regdt`) VALUES ('GCYHTRMLKYLEXMELLYTWCUBWAWALXD','20251019-JEPQC',2,1,'update','구매2',10000,10010,'2026-01-29 20:47:12'),('GCYHTRMLKYLEXMELLYTWCUBWAWALXD','20251019-JEPQC',2,2,'update','구매2',10010,10050,'2026-01-29 20:48:08'),('GCYHTRMLKYLEXMELLYTWCUBWAWALXD','20251019-JEPQC',2,3,'update','구매2',10050,10100,'2026-01-29 20:58:32'),('GCYHTRMLKYLEXMELLYTWCUBWAWALXD','20251019-JEPQC',2,4,'update','구매2',10100,10100,'2026-01-29 21:02:26');
/*!40000 ALTER TABLE `clspurchasehist` ENABLE KEYS */;
UNLOCK TABLES;

--
-- Table structure for table `clssettle`
--

DROP TABLE IF EXISTS `clssettle`;
/*!40101 SET @saved_cs_client     = @@character_set_client */;
/*!50503 SET character_set_client = utf8mb4 */;
CREATE TABLE `clssettle` (
  `grpno` char(30) CHARACTER SET utf8mb4 COLLATE utf8mb4_unicode_ci NOT NULL,
  `clsno` char(14) CHARACTER SET utf8mb4 COLLATE utf8mb4_unicode_ci NOT NULL,
  `userno` char(30) CHARACTER SET utf8mb4 COLLATE utf8mb4_unicode_ci NOT NULL,
  `billstandard` int DEFAULT NULL,
  `billadjustment` int DEFAULT NULL,
  `billpointed` int DEFAULT NULL,
  `billfinal` int DEFAULT NULL,
  `billmemo` varchar(100) CHARACTER SET utf8mb4 COLLATE utf8mb4_unicode_ci DEFAULT NULL,
  `memberdepositflg` enum('y','n') CHARACTER SET utf8mb4 COLLATE utf8mb4_unicode_ci DEFAULT 'n',
  `memberdepositflgdt` datetime DEFAULT NULL,
  `managerdepositflg` enum('y','n') CHARACTER SET utf8mb4 COLLATE utf8mb4_unicode_ci DEFAULT 'n',
  `managerdepositflgdt` datetime DEFAULT NULL,
  `regdt` datetime DEFAULT NULL,
  PRIMARY KEY (`grpno`,`clsno`,`userno`)
) ENGINE=InnoDB DEFAULT CHARSET=utf8mb4 COLLATE=utf8mb4_unicode_ci;
/*!40101 SET character_set_client = @saved_cs_client */;

--
-- Dumping data for table `clssettle`
--

LOCK TABLES `clssettle` WRITE;
/*!40000 ALTER TABLE `clssettle` DISABLE KEYS */;
INSERT INTO `clssettle` (`grpno`, `clsno`, `userno`, `billstandard`, `billadjustment`, `billpointed`, `billfinal`, `billmemo`, `memberdepositflg`, `memberdepositflgdt`, `managerdepositflg`, `managerdepositflgdt`, `regdt`) VALUES ('GCYHTRMLKYLEXMELLYTWCUBWAWALXD','20250929-MEZLC','AETRLFDDQMIUISMWWACUXIXQGAAEOV',10000,0,0,10000,'','n',NULL,'n',NULL,'2025-10-19 16:14:10'),('GCYHTRMLKYLEXMELLYTWCUBWAWALXD','20250929-MEZLC','AXBWEGAGLACBNHLZCBGIZBJZLMDJPJ',10000,0,0,10000,'','n',NULL,'n',NULL,'2025-10-19 16:14:14'),('GCYHTRMLKYLEXMELLYTWCUBWAWALXD','20250929-MEZLC','BAHPEHFTYGRSXSJXNJRIAOLGWVZPLH',30000,0,0,30000,'','n',NULL,'n',NULL,'2025-10-19 16:14:10'),('GCYHTRMLKYLEXMELLYTWCUBWAWALXD','20250929-MEZLC','BFOIICINSBWKACAMSUAUSTHDKWKPJI',20000,0,0,20000,'','n',NULL,'n',NULL,'2025-10-19 16:14:18'),('GCYHTRMLKYLEXMELLYTWCUBWAWALXD','20250929-MEZLC','CHJPEZGENAPDMCYMMALSANMTQVDFFR',20000,0,0,20000,'','n',NULL,'n',NULL,'2025-10-19 16:14:18'),('GCYHTRMLKYLEXMELLYTWCUBWAWALXD','20250929-MEZLC','GQQEJFYHZLANVYUZDOLRGHYWYRXRYN',20000,0,0,20000,'','n',NULL,'n',NULL,'2025-10-19 16:14:11'),('GCYHTRMLKYLEXMELLYTWCUBWAWALXD','20250929-MEZLC','GWETWJPAOHLTHTXHYMHHXIDZFJAJSZ',20000,0,0,20000,'','n',NULL,'n',NULL,'2025-10-19 16:14:17'),('GCYHTRMLKYLEXMELLYTWCUBWAWALXD','20250929-MEZLC','INIWOBYMMUYMOFIKVIBSYMZEIXTUEA',20000,0,0,20000,'','n',NULL,'n',NULL,'2025-10-19 16:14:09'),('GCYHTRMLKYLEXMELLYTWCUBWAWALXD','20250929-MEZLC','JTOANJPDZGHYZKEMYXPSMIEXMWYMYH',20000,0,0,20000,'','n',NULL,'n',NULL,'2025-10-19 16:14:12'),('GCYHTRMLKYLEXMELLYTWCUBWAWALXD','20250929-MEZLC','KSJJKNUNXSWAJGSCSMTRKKEODUWMQP',20000,0,0,20000,'','n',NULL,'n',NULL,'2025-10-19 16:14:13'),('GCYHTRMLKYLEXMELLYTWCUBWAWALXD','20250929-MEZLC','LAPCPMDNTIWZCXIGMIETNBWMZQLWFH',20000,0,0,20000,'','n',NULL,'n',NULL,'2025-10-19 16:14:12'),('GCYHTRMLKYLEXMELLYTWCUBWAWALXD','20250929-MEZLC','LJACLAGKLPLYLJYFBTMZZDUFEALFFB',20000,0,0,20000,'','n',NULL,'n',NULL,'2025-10-19 16:14:14'),('GCYHTRMLKYLEXMELLYTWCUBWAWALXD','20250929-MEZLC','NEOAYVOFLLJEJVBZEXZAEHVFIPCIGM',20000,0,0,20000,'','n',NULL,'n',NULL,'2025-10-19 16:14:10'),('GCYHTRMLKYLEXMELLYTWCUBWAWALXD','20250929-MEZLC','RDJTQNTMFVXBLKNUMIXFGFLUPHKVMP',20000,0,0,20000,'','n',NULL,'n',NULL,'2025-10-19 16:14:13'),('GCYHTRMLKYLEXMELLYTWCUBWAWALXD','20250929-MEZLC','RZHFUDQGVWHCAMOXXYVDQQZFUGUNBG',10000,0,0,10000,'','n',NULL,'n',NULL,'2025-10-19 16:14:13'),('GCYHTRMLKYLEXMELLYTWCUBWAWALXD','20250929-MEZLC','SBCKSZTHUGMTHFOGDKMJTNQGXOMRVZ',20000,0,0,20000,'','n',NULL,'n',NULL,'2025-10-19 16:14:18'),('GCYHTRMLKYLEXMELLYTWCUBWAWALXD','20250929-MEZLC','TKPHEJZQOAULOBTJSTENDLDJWMMKTO',20000,0,0,20000,'','n',NULL,'n',NULL,'2025-10-19 16:14:17'),('GCYHTRMLKYLEXMELLYTWCUBWAWALXD','20250929-MEZLC','WPZEPLBLSLLVBUEGCJHJUFLEAGRRRW',10000,0,0,10000,'','n',NULL,'n',NULL,'2025-10-19 16:14:11'),('GCYHTRMLKYLEXMELLYTWCUBWAWALXD','20250929-MEZLC','XEDUCWDREMJNGKPZNMYQTVSXQTOTAY',20000,0,0,20000,'','n',NULL,'n',NULL,'2025-10-19 16:14:11'),('GCYHTRMLKYLEXMELLYTWCUBWAWALXD','20250929-MEZLC','YICWTXUKKVXILGNCTMSFSFRZWDKMGR',10000,0,10000,0,'','y','2025-10-19 16:14:17','y','2025-10-19 16:14:17','2025-10-19 16:14:17'),('GCYHTRMLKYLEXMELLYTWCUBWAWALXD','20251019-JEPQC','FGBVRQKIRIYZXZRKRTAOIZXZGNUNTS',10000,0,0,10000,'','n',NULL,'n',NULL,'2026-01-25 16:49:58'),('GCYHTRMLKYLEXMELLYTWCUBWAWALXD','20251019-JEPQC','INIWOBYMMUYMOFIKVIBSYMZEIXTUEA',10000,0,0,10000,'','n',NULL,'n',NULL,'2026-01-25 16:51:19');
/*!40000 ALTER TABLE `clssettle` ENABLE KEYS */;
UNLOCK TABLES;

--
-- Table structure for table `clssettlehist`
--

DROP TABLE IF EXISTS `clssettlehist`;
/*!40101 SET @saved_cs_client     = @@character_set_client */;
/*!50503 SET character_set_client = utf8mb4 */;
CREATE TABLE `clssettlehist` (
  `grpno` char(30) COLLATE utf8mb4_unicode_ci NOT NULL,
  `clsno` char(14) COLLATE utf8mb4_unicode_ci NOT NULL,
  `userno` char(30) COLLATE utf8mb4_unicode_ci NOT NULL,
  `histno` int NOT NULL,
  `histtype` enum('update','delete','after') COLLATE utf8mb4_unicode_ci DEFAULT NULL,
  `billstandard` int DEFAULT '0',
  `billadjustment` int DEFAULT '0',
  `billpointed` int DEFAULT '0',
  `billfinal` int DEFAULT '0',
  `billmemo` varchar(100) COLLATE utf8mb4_unicode_ci DEFAULT NULL,
  `billfinalafter` int DEFAULT NULL,
  `regdt` datetime DEFAULT NULL,
  PRIMARY KEY (`grpno`,`clsno`,`userno`,`histno`)
) ENGINE=InnoDB DEFAULT CHARSET=utf8mb4 COLLATE=utf8mb4_unicode_ci;
/*!40101 SET character_set_client = @saved_cs_client */;

--
-- Dumping data for table `clssettlehist`
--

LOCK TABLES `clssettlehist` WRITE;
/*!40000 ALTER TABLE `clssettlehist` DISABLE KEYS */;
INSERT INTO `clssettlehist` (`grpno`, `clsno`, `userno`, `histno`, `histtype`, `billstandard`, `billadjustment`, `billpointed`, `billfinal`, `billmemo`, `billfinalafter`, `regdt`) VALUES ('GCYHTRMLKYLEXMELLYTWCUBWAWALXD','20251019-JEPQC','NEYSKPXGUJREEJFVIIORWAJNSUXKFC',1,'update',10000,10000,0,20000,'',NULL,'2026-01-29 20:13:45'),('GCYHTRMLKYLEXMELLYTWCUBWAWALXD','20251019-JEPQC','NEYSKPXGUJREEJFVIIORWAJNSUXKFC',2,'update',10000,20000,0,40000,'',50000,'2026-01-29 20:20:42'),('GCYHTRMLKYLEXMELLYTWCUBWAWALXD','20251019-JEPQC','NEYSKPXGUJREEJFVIIORWAJNSUXKFC',3,'update',10000,10000,0,50000,'',20000,'2026-01-29 20:25:32'),('GCYHTRMLKYLEXMELLYTWCUBWAWALXD','20251019-JEPQC','NEYSKPXGUJREEJFVIIORWAJNSUXKFC',4,'delete',10000,10000,0,20000,'',0,'2026-01-29 20:26:50');
/*!40000 ALTER TABLE `clssettlehist` ENABLE KEYS */;
UNLOCK TABLES;

--
-- Table structure for table `clssettletmp`
--

DROP TABLE IF EXISTS `clssettletmp`;
/*!40101 SET @saved_cs_client     = @@character_set_client */;
/*!50503 SET character_set_client = utf8mb4 */;
CREATE TABLE `clssettletmp` (
  `grpno` char(30) CHARACTER SET utf8mb4 COLLATE utf8mb4_unicode_ci NOT NULL,
  `clsno` char(14) CHARACTER SET utf8mb4 COLLATE utf8mb4_unicode_ci NOT NULL,
  `userno` char(30) CHARACTER SET utf8mb4 COLLATE utf8mb4_unicode_ci NOT NULL,
  `settledeleteflg` enum('y','n') COLLATE utf8mb4_unicode_ci DEFAULT 'n',
  `billstandard` int DEFAULT NULL,
  `billadjustment` int DEFAULT NULL,
  `billpointed` int DEFAULT NULL,
  `billfinal` int DEFAULT NULL,
  `billmemo` varchar(100) CHARACTER SET utf8mb4 COLLATE utf8mb4_unicode_ci DEFAULT NULL,
  `memberdepositflg` enum('y','n') CHARACTER SET utf8mb4 COLLATE utf8mb4_unicode_ci DEFAULT 'n',
  `memberdepositflgdt` datetime DEFAULT NULL,
  `managerdepositflg` enum('y','n') CHARACTER SET utf8mb4 COLLATE utf8mb4_unicode_ci DEFAULT 'n',
  `managerdepositflgdt` datetime DEFAULT NULL,
  `regdt` datetime DEFAULT NULL,
  PRIMARY KEY (`grpno`,`clsno`,`userno`)
) ENGINE=InnoDB DEFAULT CHARSET=utf8mb4 COLLATE=utf8mb4_unicode_ci;
/*!40101 SET character_set_client = @saved_cs_client */;

--
-- Dumping data for table `clssettletmp`
--

LOCK TABLES `clssettletmp` WRITE;
/*!40000 ALTER TABLE `clssettletmp` DISABLE KEYS */;
/*!40000 ALTER TABLE `clssettletmp` ENABLE KEYS */;
UNLOCK TABLES;

--
-- Table structure for table `clzcancel`
--

DROP TABLE IF EXISTS `clzcancel`;
/*!40101 SET @saved_cs_client     = @@character_set_client */;
/*!50503 SET character_set_client = utf8mb4 */;
CREATE TABLE `clzcancel` (
  `grpno` char(30) CHARACTER SET utf8mb4 COLLATE utf8mb4_unicode_ci NOT NULL,
  `clsno` char(14) CHARACTER SET utf8mb4 COLLATE utf8mb4_unicode_ci NOT NULL,
  `clscancelreason` varchar(50) CHARACTER SET utf8mb4 COLLATE utf8mb4_unicode_ci DEFAULT NULL,
  `regdt` datetime DEFAULT NULL,
  PRIMARY KEY (`grpno`,`clsno`)
) ENGINE=InnoDB DEFAULT CHARSET=utf8mb4 COLLATE=utf8mb4_unicode_ci;
/*!40101 SET character_set_client = @saved_cs_client */;

--
-- Dumping data for table `clzcancel`
--

LOCK TABLES `clzcancel` WRITE;
/*!40000 ALTER TABLE `clzcancel` DISABLE KEYS */;
INSERT INTO `clzcancel` (`grpno`, `clsno`, `clscancelreason`, `regdt`) VALUES ('GCYHTRMLKYLEXMELLYTWCUBWAWALXD','20250929-ORLMF','우천취소','2025-10-07 20:43:28');
/*!40000 ALTER TABLE `clzcancel` ENABLE KEYS */;
UNLOCK TABLES;

--
-- Table structure for table `grp`
--

DROP TABLE IF EXISTS `grp`;
/*!40101 SET @saved_cs_client     = @@character_set_client */;
/*!50503 SET character_set_client = utf8mb4 */;
CREATE TABLE `grp` (
  `grpno` char(30) CHARACTER SET utf8mb4 COLLATE utf8mb4_unicode_ci NOT NULL,
  `grpmanager` char(30) CHARACTER SET utf8mb4 COLLATE utf8mb4_unicode_ci DEFAULT NULL,
  `grpimg` char(10) CHARACTER SET utf8mb4 COLLATE utf8mb4_unicode_ci DEFAULT NULL,
  `grpname` char(50) CHARACTER SET utf8mb4 COLLATE utf8mb4_unicode_ci NOT NULL,
  `baccnodefault` int DEFAULT NULL,
  `grpmanagersub` char(255) CHARACTER SET utf8mb4 COLLATE utf8mb4_unicode_ci DEFAULT NULL,
  `modidt` datetime DEFAULT NULL,
  `regidt` datetime DEFAULT NULL,
  PRIMARY KEY (`grpno`),
  KEY `group_idx_leader` (`grpmanager`)
) ENGINE=InnoDB DEFAULT CHARSET=utf8mb4 COLLATE=utf8mb4_unicode_ci;
/*!40101 SET character_set_client = @saved_cs_client */;

--
-- Dumping data for table `grp`
--

LOCK TABLES `grp` WRITE;
/*!40000 ALTER TABLE `grp` DISABLE KEYS */;
INSERT INTO `grp` (`grpno`, `grpmanager`, `grpimg`, `grpname`, `baccnodefault`, `grpmanagersub`, `modidt`, `regidt`) VALUES ('GCYHTRMLKYLEXMELLYTWCUBWAWALXD','SBCKSZTHUGMTHFOGDKMJTNQGXOMRVZ','a','아너스+당근 야구모임',1,'seo','2025-06-27 00:26:15','2025-06-27 00:26:15');
/*!40000 ALTER TABLE `grp` ENABLE KEYS */;
UNLOCK TABLES;

--
-- Table structure for table `grp_acct`
--

DROP TABLE IF EXISTS `grp_acct`;
/*!40101 SET @saved_cs_client     = @@character_set_client */;
/*!50503 SET character_set_client = utf8mb4 */;
CREATE TABLE `grp_acct` (
  `grpno` char(30) CHARACTER SET utf8mb4 COLLATE utf8mb4_unicode_ci NOT NULL,
  `baccno` int NOT NULL,
  `flgdefault` enum('n','y') CHARACTER SET utf8mb4 COLLATE utf8mb4_unicode_ci DEFAULT 'n',
  `regidt` datetime DEFAULT NULL,
  PRIMARY KEY (`grpno`,`baccno`)
) ENGINE=InnoDB DEFAULT CHARSET=utf8mb4 COLLATE=utf8mb4_unicode_ci;
/*!40101 SET character_set_client = @saved_cs_client */;

--
-- Dumping data for table `grp_acct`
--

LOCK TABLES `grp_acct` WRITE;
/*!40000 ALTER TABLE `grp_acct` DISABLE KEYS */;
/*!40000 ALTER TABLE `grp_acct` ENABLE KEYS */;
UNLOCK TABLES;

--
-- Table structure for table `grp_member`
--

DROP TABLE IF EXISTS `grp_member`;
/*!40101 SET @saved_cs_client     = @@character_set_client */;
/*!50503 SET character_set_client = utf8mb4 */;
CREATE TABLE `grp_member` (
  `grpno` char(30) CHARACTER SET utf8mb4 COLLATE utf8mb4_unicode_ci NOT NULL,
  `userno` char(30) CHARACTER SET utf8mb4 COLLATE utf8mb4_unicode_ci NOT NULL,
  `grpmtype` enum('mng','mngsub','member') CHARACTER SET utf8mb4 COLLATE utf8mb4_unicode_ci DEFAULT 'member',
  `grpmposition` char(20) CHARACTER SET utf8mb4 COLLATE utf8mb4_unicode_ci DEFAULT NULL,
  `grpmfinauth` enum('y','n') COLLATE utf8mb4_unicode_ci DEFAULT 'n',
  `grpmstatus` enum('active','delete') CHARACTER SET utf8mb4 COLLATE utf8mb4_unicode_ci DEFAULT 'active',
  `point` int DEFAULT '0',
  `deletedt` datetime DEFAULT NULL,
  `modidt` datetime DEFAULT NULL,
  `regidt` datetime DEFAULT NULL,
  PRIMARY KEY (`grpno`,`userno`),
  KEY `grp_member_idx1` (`userno`)
) ENGINE=InnoDB DEFAULT CHARSET=utf8mb4 COLLATE=utf8mb4_unicode_ci;
/*!40101 SET character_set_client = @saved_cs_client */;

--
-- Dumping data for table `grp_member`
--

LOCK TABLES `grp_member` WRITE;
/*!40000 ALTER TABLE `grp_member` DISABLE KEYS */;
INSERT INTO `grp_member` (`grpno`, `userno`, `grpmtype`, `grpmposition`, `grpmfinauth`, `grpmstatus`, `point`, `deletedt`, `modidt`, `regidt`) VALUES ('GCYHTRMLKYLEXMELLYTWCUBWAWALXD','AETRLFDDQMIUISMWWACUXIXQGAAEOV','member',NULL,'n','active',0,NULL,NULL,'2025-09-28 13:37:52'),('GCYHTRMLKYLEXMELLYTWCUBWAWALXD','AXBWEGAGLACBNHLZCBGIZBJZLMDJPJ','member',NULL,'n','active',0,NULL,NULL,'2025-09-29 21:28:50'),('GCYHTRMLKYLEXMELLYTWCUBWAWALXD','BAHPEHFTYGRSXSJXNJRIAOLGWVZPLH','member',NULL,'n','active',0,NULL,NULL,'2025-09-24 05:16:35'),('GCYHTRMLKYLEXMELLYTWCUBWAWALXD','BBQMXCZSQLPOLVMQLJJLWCGJMWVMJS','member',NULL,'n','active',0,NULL,NULL,'2025-09-28 14:30:30'),('GCYHTRMLKYLEXMELLYTWCUBWAWALXD','BFOIICINSBWKACAMSUAUSTHDKWKPJI','member',NULL,'n','active',0,NULL,NULL,'2025-09-23 21:41:04'),('GCYHTRMLKYLEXMELLYTWCUBWAWALXD','BIXKHMZVMQIJQXHOCHXXCTSKOHWLDA','member',NULL,'n','active',20000,NULL,NULL,'2025-10-31 21:53:13'),('GCYHTRMLKYLEXMELLYTWCUBWAWALXD','BLMYTUFYFLDGOVARMAQAMPLGUCDXJX','member',NULL,'n','active',0,NULL,NULL,'2025-09-23 21:16:45'),('GCYHTRMLKYLEXMELLYTWCUBWAWALXD','BMYOBHEPJODWNTNDNDNLKRZIDNHKBN','member',NULL,'n','active',0,NULL,NULL,'2025-09-26 21:21:56'),('GCYHTRMLKYLEXMELLYTWCUBWAWALXD','CFVPAGVDVSVEAQQYTFHZASUJLHOKRA','member',NULL,'n','active',0,NULL,NULL,'2025-09-29 16:19:53'),('GCYHTRMLKYLEXMELLYTWCUBWAWALXD','CHJPEZGENAPDMCYMMALSANMTQVDFFR','member',NULL,'n','active',0,NULL,NULL,'2025-09-29 15:38:38'),('GCYHTRMLKYLEXMELLYTWCUBWAWALXD','CVKSWMQFHHCOULCRBOGNJCGJXBRVAJ','member',NULL,'n','active',0,NULL,NULL,'2025-09-28 10:42:43'),('GCYHTRMLKYLEXMELLYTWCUBWAWALXD','DIFCIQPOUIDMZTFMVTXCOSVZZVBPNU','member',NULL,'n','active',0,NULL,NULL,'2025-09-23 21:16:45'),('GCYHTRMLKYLEXMELLYTWCUBWAWALXD','FGBVRQKIRIYZXZRKRTAOIZXZGNUNTS','member',NULL,'n','active',0,NULL,NULL,'2025-09-24 15:38:12'),('GCYHTRMLKYLEXMELLYTWCUBWAWALXD','FKTUQXQGFXQYQKPAXFAXFUHUHHNWHU','member',NULL,'n','active',0,NULL,NULL,'2025-09-24 13:09:44'),('GCYHTRMLKYLEXMELLYTWCUBWAWALXD','GQQEJFYHZLANVYUZDOLRGHYWYRXRYN','member',NULL,'n','active',0,NULL,NULL,'2025-09-23 21:16:45'),('GCYHTRMLKYLEXMELLYTWCUBWAWALXD','GUGTYDBBEEDXMMPQJSEXSPSOEUZWNL','member','','n','active',0,NULL,'2025-09-15 08:22:08','2025-08-19 14:18:02'),('GCYHTRMLKYLEXMELLYTWCUBWAWALXD','GWETWJPAOHLTHTXHYMHHXIDZFJAJSZ','member',NULL,'n','active',0,NULL,NULL,'2025-09-29 18:02:39'),('GCYHTRMLKYLEXMELLYTWCUBWAWALXD','HSEBNUYSWSAHWBGGXKGUXNZWHEBNSP','member',NULL,'n','active',0,NULL,NULL,'2025-09-23 21:43:49'),('GCYHTRMLKYLEXMELLYTWCUBWAWALXD','IDGBAXUVCFMMXGUBWTREQFJBZSQBNZ','member',NULL,'n','active',0,NULL,NULL,'2025-09-18 20:08:49'),('GCYHTRMLKYLEXMELLYTWCUBWAWALXD','INIWOBYMMUYMOFIKVIBSYMZEIXTUEA','member',NULL,'n','active',0,NULL,NULL,'2025-09-28 08:24:01'),('GCYHTRMLKYLEXMELLYTWCUBWAWALXD','JCVUUFCEALNLVQCLQIDBKETCHKLXTY','member',NULL,'n','active',0,NULL,NULL,'2025-09-24 22:23:44'),('GCYHTRMLKYLEXMELLYTWCUBWAWALXD','JLGDRBKWCSRHTWKDBLDMQSOPNLFETN','member',NULL,'n','active',0,NULL,NULL,'2025-10-19 14:23:22'),('GCYHTRMLKYLEXMELLYTWCUBWAWALXD','JTOANJPDZGHYZKEMYXPSMIEXMWYMYH','member',NULL,'n','active',0,NULL,NULL,'2025-09-23 21:16:45'),('GCYHTRMLKYLEXMELLYTWCUBWAWALXD','KBIRGFBXHSEJYESEOYPSNZEJVXIXEX','member',NULL,'n','active',0,NULL,NULL,'2025-09-23 21:32:33'),('GCYHTRMLKYLEXMELLYTWCUBWAWALXD','KSJJKNUNXSWAJGSCSMTRKKEODUWMQP','member',NULL,'n','active',0,NULL,NULL,'2025-09-18 20:36:43'),('GCYHTRMLKYLEXMELLYTWCUBWAWALXD','KYYTJJTSWTHWWIXCQPLBBTLZRCYIAL','member',NULL,'n','active',0,NULL,NULL,'2025-09-23 21:41:19'),('GCYHTRMLKYLEXMELLYTWCUBWAWALXD','LAPCPMDNTIWZCXIGMIETNBWMZQLWFH','member',NULL,'n','active',0,NULL,NULL,'2025-09-23 21:16:02'),('GCYHTRMLKYLEXMELLYTWCUBWAWALXD','LJACLAGKLPLYLJYFBTMZZDUFEALFFB','member',NULL,'n','active',0,NULL,NULL,'2025-09-23 22:00:43'),('GCYHTRMLKYLEXMELLYTWCUBWAWALXD','LSNAUOBXUFNLPJXTJDCWABZDNJXAZO','member',NULL,'n','active',0,NULL,NULL,'2025-09-29 21:56:40'),('GCYHTRMLKYLEXMELLYTWCUBWAWALXD','NEKTBVCEVXZCMKQHABJYZUJHVFVJVN','member',NULL,'n','active',0,NULL,NULL,'2025-09-24 07:39:43'),('GCYHTRMLKYLEXMELLYTWCUBWAWALXD','NEOAYVOFLLJEJVBZEXZAEHVFIPCIGM','member',NULL,'n','active',0,NULL,NULL,'2025-09-23 21:16:25'),('GCYHTRMLKYLEXMELLYTWCUBWAWALXD','NEYSKPXGUJREEJFVIIORWAJNSUXKFC','member',NULL,'n','active',0,NULL,NULL,'2025-09-23 21:13:41'),('GCYHTRMLKYLEXMELLYTWCUBWAWALXD','NGPQWWYOGSNQXRNLCAUKLWOPEBWQQW','member',NULL,'n','active',0,NULL,NULL,'2025-09-28 14:44:57'),('GCYHTRMLKYLEXMELLYTWCUBWAWALXD','NLTEBCMMDIBQDSWBIJBIVAYTSKZXEZ','member',NULL,'n','active',0,NULL,NULL,'2025-09-30 21:33:09'),('GCYHTRMLKYLEXMELLYTWCUBWAWALXD','NNTANECIRHVFTQYXIGFHFOOSVVKTXE','member',NULL,'n','active',0,NULL,NULL,'2025-09-28 09:48:33'),('GCYHTRMLKYLEXMELLYTWCUBWAWALXD','OJCKQSDJMJOENYLBTIZFNVJXDLMVPG','member',NULL,'n','active',0,NULL,NULL,'2025-09-24 05:10:55'),('GCYHTRMLKYLEXMELLYTWCUBWAWALXD','PCUWRBXEGROWRKWQJPELKHLZIVTGOT','member',NULL,'n','active',0,NULL,NULL,'2025-09-24 12:39:31'),('GCYHTRMLKYLEXMELLYTWCUBWAWALXD','PFEKZFJGUKLRPPNWOFCKQPFDMNCMGR','member',NULL,'n','active',0,NULL,NULL,'2025-09-28 11:36:42'),('GCYHTRMLKYLEXMELLYTWCUBWAWALXD','PFZXOSBYPBMFVMFZITKGDFODWMUYTH','member',NULL,'n','active',0,NULL,NULL,'2025-09-28 08:28:02'),('GCYHTRMLKYLEXMELLYTWCUBWAWALXD','PNPOBOMJCESNWZTIWEIPPESBXTQFIV','member',NULL,'n','active',0,NULL,NULL,'2025-09-24 12:45:19'),('GCYHTRMLKYLEXMELLYTWCUBWAWALXD','RDJTQNTMFVXBLKNUMIXFGFLUPHKVMP','member',NULL,'n','active',0,NULL,NULL,'2025-09-23 21:16:45'),('GCYHTRMLKYLEXMELLYTWCUBWAWALXD','RKZTOJYACFVSGVBHDZBJGFUASGOSXT','member',NULL,'n','active',0,NULL,NULL,'2025-09-23 22:03:15'),('GCYHTRMLKYLEXMELLYTWCUBWAWALXD','RUEEOJPOXXXFEFDZXGPLFIKDLKZOPR','member',NULL,'n','active',0,NULL,NULL,'2025-09-22 20:00:32'),('GCYHTRMLKYLEXMELLYTWCUBWAWALXD','RZHFUDQGVWHCAMOXXYVDQQZFUGUNBG','mngsub','총무','n','active',0,'2025-09-01 14:25:24','2025-09-15 08:22:25','2025-07-15 21:50:16'),('GCYHTRMLKYLEXMELLYTWCUBWAWALXD','SBCKSZTHUGMTHFOGDKMJTNQGXOMRVZ','mng','감독','n','active',0,NULL,'2025-09-15 08:22:25','2025-08-21 06:08:00'),('GCYHTRMLKYLEXMELLYTWCUBWAWALXD','SPMUHQLAPCEBHNUBQIWGVNOQYWRHVU','member',NULL,'n','active',0,NULL,NULL,'2025-09-24 19:24:11'),('GCYHTRMLKYLEXMELLYTWCUBWAWALXD','SRDUGNLWSRHFLVNZZJSKLXCGNFZFXQ','member',NULL,'n','active',0,NULL,NULL,'2025-09-28 09:25:35'),('GCYHTRMLKYLEXMELLYTWCUBWAWALXD','SXMMNKAWQFUQMWMUEKQJFOIWAWUEBE','member',NULL,'n','active',0,NULL,NULL,'2025-09-28 09:53:23'),('GCYHTRMLKYLEXMELLYTWCUBWAWALXD','TKPHEJZQOAULOBTJSTENDLDJWMMKTO','member',NULL,'n','active',0,NULL,NULL,'2025-09-23 21:16:45'),('GCYHTRMLKYLEXMELLYTWCUBWAWALXD','UCANQZSHXYPBHSUSMLLFKIPBIVMGUJ','member',NULL,'n','active',0,NULL,NULL,'2025-09-18 09:46:20'),('GCYHTRMLKYLEXMELLYTWCUBWAWALXD','UDFCQAHODIVWEHXUAABEKBVOTUGMMG','member',NULL,'n','active',0,NULL,NULL,'2025-09-23 21:16:45'),('GCYHTRMLKYLEXMELLYTWCUBWAWALXD','UUBBLQFUPIXPNCIHILQDPJTMCZBPII','member',NULL,'n','active',0,NULL,NULL,'2025-09-24 12:37:11'),('GCYHTRMLKYLEXMELLYTWCUBWAWALXD','UVRJBDPOPJXKHBWJKHHTEIYZOBBMUX','member',NULL,'n','active',0,NULL,NULL,'2025-09-23 21:22:58'),('GCYHTRMLKYLEXMELLYTWCUBWAWALXD','VPXNIENTVCDYOUUMPTXRUOJWTYBJYY','member',NULL,'n','active',0,NULL,NULL,'2025-09-30 21:36:17'),('GCYHTRMLKYLEXMELLYTWCUBWAWALXD','WPZEPLBLSLLVBUEGCJHJUFLEAGRRRW','member',NULL,'n','active',0,NULL,NULL,'2025-09-25 22:30:16'),('GCYHTRMLKYLEXMELLYTWCUBWAWALXD','XEDUCWDREMJNGKPZNMYQTVSXQTOTAY','member',NULL,'n','active',0,NULL,NULL,'2025-09-23 21:19:02'),('GCYHTRMLKYLEXMELLYTWCUBWAWALXD','YICWTXUKKVXILGNCTMSFSFRZWDKMGR','member',NULL,'n','active',10000,NULL,NULL,'2025-09-30 19:48:17'),('GCYHTRMLKYLEXMELLYTWCUBWAWALXD','ZBXSKHTFQAVHXUZCOEKZLHJYQGXEHB','member',NULL,'n','active',0,NULL,NULL,'2025-09-29 22:31:22');
/*!40000 ALTER TABLE `grp_member` ENABLE KEYS */;
UNLOCK TABLES;

--
-- Table structure for table `grp_member_pointhist`
--

DROP TABLE IF EXISTS `grp_member_pointhist`;
/*!40101 SET @saved_cs_client     = @@character_set_client */;
/*!50503 SET character_set_client = utf8mb4 */;
CREATE TABLE `grp_member_pointhist` (
  `grpno` char(30) CHARACTER SET utf8mb4 COLLATE utf8mb4_unicode_ci NOT NULL,
  `userno` char(30) CHARACTER SET utf8mb4 COLLATE utf8mb4_unicode_ci NOT NULL,
  `pointhistdt` date NOT NULL,
  `pointhistno` int NOT NULL,
  `point` int DEFAULT '0',
  `pointleft` int DEFAULT '0',
  `pointmemo` varchar(255) CHARACTER SET utf8mb4 COLLATE utf8mb4_unicode_ci DEFAULT NULL,
  `relclsno` char(14) CHARACTER SET utf8mb4 COLLATE utf8mb4_unicode_ci DEFAULT NULL,
  `regidt` datetime DEFAULT NULL,
  PRIMARY KEY (`grpno`,`userno`,`pointhistdt`,`pointhistno`)
) ENGINE=InnoDB DEFAULT CHARSET=utf8mb4 COLLATE=utf8mb4_unicode_ci;
/*!40101 SET character_set_client = @saved_cs_client */;

--
-- Dumping data for table `grp_member_pointhist`
--

LOCK TABLES `grp_member_pointhist` WRITE;
/*!40000 ALTER TABLE `grp_member_pointhist` DISABLE KEYS */;
INSERT INTO `grp_member_pointhist` (`grpno`, `userno`, `pointhistdt`, `pointhistno`, `point`, `pointleft`, `pointmemo`, `relclsno`, `regidt`) VALUES ('GCYHTRMLKYLEXMELLYTWCUBWAWALXD','BIXKHMZVMQIJQXHOCHXXCTSKOHWLDA','2025-10-31',1,20000,20000,'임시멤버 등록화면에서 투여',NULL,'2025-10-31 21:53:13'),('GCYHTRMLKYLEXMELLYTWCUBWAWALXD','YICWTXUKKVXILGNCTMSFSFRZWDKMGR','2025-09-30',1,20000,20000,'임시멤버 등록화면에서 투여',NULL,'2025-09-30 19:48:17'),('GCYHTRMLKYLEXMELLYTWCUBWAWALXD','YICWTXUKKVXILGNCTMSFSFRZWDKMGR','2025-10-19',1,-10000,10000,'일정정산으로 인한 차감','20250929-MEZLC','2025-10-19 16:14:16');
/*!40000 ALTER TABLE `grp_member_pointhist` ENABLE KEYS */;
UNLOCK TABLES;

--
-- Table structure for table `grpf_purchase`
--

DROP TABLE IF EXISTS `grpf_purchase`;
/*!40101 SET @saved_cs_client     = @@character_set_client */;
/*!50503 SET character_set_client = utf8mb4 */;
CREATE TABLE `grpf_purchase` (
  `grpno` char(30) CHARACTER SET utf8mb4 COLLATE utf8mb4_unicode_ci NOT NULL,
  `purchasedate` date NOT NULL,
  `purchaseidx` int NOT NULL,
  `purchaseclsno` char(14) CHARACTER SET utf8mb4 COLLATE utf8mb4_unicode_ci DEFAULT NULL,
  `productname` int DEFAULT NULL,
  `productqtty` int DEFAULT NULL,
  `productbill` int DEFAULT NULL,
  `regdt` datetime DEFAULT NULL,
  PRIMARY KEY (`grpno`,`purchasedate`,`purchaseidx`),
  KEY `grpfpurchase_idx1` (`grpno`,`purchaseclsno`)
) ENGINE=InnoDB DEFAULT CHARSET=utf8mb4 COLLATE=utf8mb4_unicode_ci;
/*!40101 SET character_set_client = @saved_cs_client */;

--
-- Dumping data for table `grpf_purchase`
--

LOCK TABLES `grpf_purchase` WRITE;
/*!40000 ALTER TABLE `grpf_purchase` DISABLE KEYS */;
/*!40000 ALTER TABLE `grpf_purchase` ENABLE KEYS */;
UNLOCK TABLES;

--
-- Table structure for table `grpf_settle`
--

DROP TABLE IF EXISTS `grpf_settle`;
/*!40101 SET @saved_cs_client     = @@character_set_client */;
/*!50503 SET character_set_client = utf8mb4 */;
CREATE TABLE `grpf_settle` (
  `grpno` char(30) CHARACTER SET utf8mb4 COLLATE utf8mb4_unicode_ci NOT NULL,
  `userno` char(30) CHARACTER SET utf8mb4 COLLATE utf8mb4_unicode_ci NOT NULL,
  `settledate` date NOT NULL,
  `settleidx` int NOT NULL,
  `settleclsno` char(14) CHARACTER SET utf8mb4 COLLATE utf8mb4_unicode_ci DEFAULT NULL,
  `billstardard` int DEFAULT NULL,
  `billdiscount` int DEFAULT NULL,
  `billpointed` int DEFAULT NULL,
  `billfinal` int DEFAULT NULL,
  `billmemo` varchar(100) CHARACTER SET utf8mb4 COLLATE utf8mb4_unicode_ci DEFAULT NULL,
  `memberdepositflg` enum('y','n') CHARACTER SET utf8mb4 COLLATE utf8mb4_unicode_ci DEFAULT 'n',
  `memberdepositflgdt` datetime DEFAULT NULL,
  `managerdepositflg` enum('y','n') CHARACTER SET utf8mb4 COLLATE utf8mb4_unicode_ci DEFAULT 'n',
  `managerdepositflgdt` datetime DEFAULT NULL,
  `regdt` datetime DEFAULT NULL,
  PRIMARY KEY (`grpno`,`userno`,`settledate`,`settleidx`),
  KEY `grpfsettle_idx1` (`grpno`,`settleclsno`)
) ENGINE=InnoDB DEFAULT CHARSET=utf8mb4 COLLATE=utf8mb4_unicode_ci;
/*!40101 SET character_set_client = @saved_cs_client */;

--
-- Dumping data for table `grpf_settle`
--

LOCK TABLES `grpf_settle` WRITE;
/*!40000 ALTER TABLE `grpf_settle` DISABLE KEYS */;
INSERT INTO `grpf_settle` (`grpno`, `userno`, `settledate`, `settleidx`, `settleclsno`, `billstardard`, `billdiscount`, `billpointed`, `billfinal`, `billmemo`, `memberdepositflg`, `memberdepositflgdt`, `managerdepositflg`, `managerdepositflgdt`, `regdt`) VALUES ('GCYHTRMLKYLEXMELLYTWCUBWAWALXD','AETRLFDDQMIUISMWWACUXIXQGAAEOV','2025-10-19',1,'20250929-MEZLC',10000,0,0,10000,'','n',NULL,'n',NULL,'2025-10-19 16:14:10'),('GCYHTRMLKYLEXMELLYTWCUBWAWALXD','AXBWEGAGLACBNHLZCBGIZBJZLMDJPJ','2025-10-19',1,'20250929-MEZLC',10000,0,0,10000,'','n',NULL,'n',NULL,'2025-10-19 16:14:14'),('GCYHTRMLKYLEXMELLYTWCUBWAWALXD','BAHPEHFTYGRSXSJXNJRIAOLGWVZPLH','2025-10-19',1,'20250929-MEZLC',30000,0,0,30000,'','n',NULL,'n',NULL,'2025-10-19 16:14:10'),('GCYHTRMLKYLEXMELLYTWCUBWAWALXD','BFOIICINSBWKACAMSUAUSTHDKWKPJI','2025-10-19',1,'20250929-MEZLC',20000,0,0,20000,'','n',NULL,'n',NULL,'2025-10-19 16:14:18'),('GCYHTRMLKYLEXMELLYTWCUBWAWALXD','CHJPEZGENAPDMCYMMALSANMTQVDFFR','2025-10-19',1,'20250929-MEZLC',20000,0,0,20000,'','n',NULL,'n',NULL,'2025-10-19 16:14:18'),('GCYHTRMLKYLEXMELLYTWCUBWAWALXD','GQQEJFYHZLANVYUZDOLRGHYWYRXRYN','2025-10-19',1,'20250929-MEZLC',20000,0,0,20000,'','n',NULL,'n',NULL,'2025-10-19 16:14:11'),('GCYHTRMLKYLEXMELLYTWCUBWAWALXD','GWETWJPAOHLTHTXHYMHHXIDZFJAJSZ','2025-10-19',1,'20250929-MEZLC',20000,0,0,20000,'','n',NULL,'n',NULL,'2025-10-19 16:14:17'),('GCYHTRMLKYLEXMELLYTWCUBWAWALXD','INIWOBYMMUYMOFIKVIBSYMZEIXTUEA','2025-10-19',1,'20250929-MEZLC',20000,0,0,20000,'','n',NULL,'n',NULL,'2025-10-19 16:14:09'),('GCYHTRMLKYLEXMELLYTWCUBWAWALXD','JTOANJPDZGHYZKEMYXPSMIEXMWYMYH','2025-10-19',1,'20250929-MEZLC',20000,0,0,20000,'','n',NULL,'n',NULL,'2025-10-19 16:14:12'),('GCYHTRMLKYLEXMELLYTWCUBWAWALXD','KSJJKNUNXSWAJGSCSMTRKKEODUWMQP','2025-10-19',1,'20250929-MEZLC',20000,0,0,20000,'','n',NULL,'n',NULL,'2025-10-19 16:14:13'),('GCYHTRMLKYLEXMELLYTWCUBWAWALXD','LAPCPMDNTIWZCXIGMIETNBWMZQLWFH','2025-10-19',1,'20250929-MEZLC',20000,0,0,20000,'','n',NULL,'n',NULL,'2025-10-19 16:14:12'),('GCYHTRMLKYLEXMELLYTWCUBWAWALXD','LJACLAGKLPLYLJYFBTMZZDUFEALFFB','2025-10-19',1,'20250929-MEZLC',20000,0,0,20000,'','n',NULL,'n',NULL,'2025-10-19 16:14:14'),('GCYHTRMLKYLEXMELLYTWCUBWAWALXD','NEOAYVOFLLJEJVBZEXZAEHVFIPCIGM','2025-10-19',1,'20250929-MEZLC',20000,0,0,20000,'','n',NULL,'n',NULL,'2025-10-19 16:14:10'),('GCYHTRMLKYLEXMELLYTWCUBWAWALXD','RDJTQNTMFVXBLKNUMIXFGFLUPHKVMP','2025-10-19',1,'20250929-MEZLC',20000,0,0,20000,'','n',NULL,'n',NULL,'2025-10-19 16:14:13'),('GCYHTRMLKYLEXMELLYTWCUBWAWALXD','RZHFUDQGVWHCAMOXXYVDQQZFUGUNBG','2025-10-19',1,'20250929-MEZLC',10000,0,0,10000,'','n',NULL,'n',NULL,'2025-10-19 16:14:13'),('GCYHTRMLKYLEXMELLYTWCUBWAWALXD','SBCKSZTHUGMTHFOGDKMJTNQGXOMRVZ','2025-10-19',1,'20250929-MEZLC',20000,0,0,20000,'','n',NULL,'n',NULL,'2025-10-19 16:14:18'),('GCYHTRMLKYLEXMELLYTWCUBWAWALXD','TKPHEJZQOAULOBTJSTENDLDJWMMKTO','2025-10-19',1,'20250929-MEZLC',20000,0,0,20000,'','n',NULL,'n',NULL,'2025-10-19 16:14:17'),('GCYHTRMLKYLEXMELLYTWCUBWAWALXD','WPZEPLBLSLLVBUEGCJHJUFLEAGRRRW','2025-10-19',1,'20250929-MEZLC',10000,0,0,10000,'','n',NULL,'n',NULL,'2025-10-19 16:14:11'),('GCYHTRMLKYLEXMELLYTWCUBWAWALXD','XEDUCWDREMJNGKPZNMYQTVSXQTOTAY','2025-10-19',1,'20250929-MEZLC',20000,0,0,20000,'','n',NULL,'n',NULL,'2025-10-19 16:14:11'),('GCYHTRMLKYLEXMELLYTWCUBWAWALXD','YICWTXUKKVXILGNCTMSFSFRZWDKMGR','2025-10-19',1,'20250929-MEZLC',10000,0,10000,0,'','y','2025-10-19 16:14:17','y','2025-10-19 16:14:17','2025-10-19 16:14:17');
/*!40000 ALTER TABLE `grpf_settle` ENABLE KEYS */;
UNLOCK TABLES;

--
-- Table structure for table `grpfnc_loss`
--

DROP TABLE IF EXISTS `grpfnc_loss`;
/*!40101 SET @saved_cs_client     = @@character_set_client */;
/*!50503 SET character_set_client = utf8mb4 */;
CREATE TABLE `grpfnc_loss` (
  `grpno` char(30) COLLATE utf8mb4_unicode_ci NOT NULL,
  `lossidx` int NOT NULL,
  `lossitem` varchar(50) COLLATE utf8mb4_unicode_ci DEFAULT NULL,
  `losscost` int DEFAULT NULL,
  `losscomment` varchar(255) COLLATE utf8mb4_unicode_ci DEFAULT NULL,
  `regdt` datetime DEFAULT NULL,
  PRIMARY KEY (`grpno`,`lossidx`)
) ENGINE=InnoDB DEFAULT CHARSET=utf8mb4 COLLATE=utf8mb4_unicode_ci;
/*!40101 SET character_set_client = @saved_cs_client */;

--
-- Dumping data for table `grpfnc_loss`
--

LOCK TABLES `grpfnc_loss` WRITE;
/*!40000 ALTER TABLE `grpfnc_loss` DISABLE KEYS */;
/*!40000 ALTER TABLE `grpfnc_loss` ENABLE KEYS */;
UNLOCK TABLES;

--
-- Table structure for table `grpfnc_purchase`
--

DROP TABLE IF EXISTS `grpfnc_purchase`;
/*!40101 SET @saved_cs_client     = @@character_set_client */;
/*!50503 SET character_set_client = utf8mb4 */;
CREATE TABLE `grpfnc_purchase` (
  `grpno` char(30) COLLATE utf8mb4_unicode_ci NOT NULL,
  `purchaseidx` int NOT NULL,
  `purchaseitem` varchar(50) COLLATE utf8mb4_unicode_ci DEFAULT NULL,
  `purchasecost` int DEFAULT NULL,
  `purchasecomment` varchar(255) COLLATE utf8mb4_unicode_ci DEFAULT NULL,
  `regdt` datetime DEFAULT NULL,
  PRIMARY KEY (`grpno`,`purchaseidx`)
) ENGINE=InnoDB DEFAULT CHARSET=utf8mb4 COLLATE=utf8mb4_unicode_ci;
/*!40101 SET character_set_client = @saved_cs_client */;

--
-- Dumping data for table `grpfnc_purchase`
--

LOCK TABLES `grpfnc_purchase` WRITE;
/*!40000 ALTER TABLE `grpfnc_purchase` DISABLE KEYS */;
INSERT INTO `grpfnc_purchase` (`grpno`, `purchaseidx`, `purchaseitem`, `purchasecost`, `purchasecomment`, `regdt`) VALUES ('GCYHTRMLKYLEXMELLYTWCUBWAWALXD',1,'헬멧',90000,'헬멧1점','2026-02-21 03:35:46');
/*!40000 ALTER TABLE `grpfnc_purchase` ENABLE KEYS */;
UNLOCK TABLES;

--
-- Table structure for table `grpfnc_sponsorship`
--

DROP TABLE IF EXISTS `grpfnc_sponsorship`;
/*!40101 SET @saved_cs_client     = @@character_set_client */;
/*!50503 SET character_set_client = utf8mb4 */;
CREATE TABLE `grpfnc_sponsorship` (
  `grpno` char(30) COLLATE utf8mb4_unicode_ci NOT NULL,
  `sponidx` int NOT NULL,
  `sponuserno` varchar(30) COLLATE utf8mb4_unicode_ci DEFAULT NULL,
  `sponusername` varchar(30) COLLATE utf8mb4_unicode_ci DEFAULT NULL,
  `spontype` enum('thing','money') COLLATE utf8mb4_unicode_ci DEFAULT NULL,
  `sponitem` varchar(50) COLLATE utf8mb4_unicode_ci DEFAULT NULL,
  `sponcost` int DEFAULT NULL,
  `sponcomment` varchar(255) COLLATE utf8mb4_unicode_ci DEFAULT NULL,
  `regdt` datetime DEFAULT NULL,
  PRIMARY KEY (`grpno`,`sponidx`)
) ENGINE=InnoDB DEFAULT CHARSET=utf8mb4 COLLATE=utf8mb4_unicode_ci;
/*!40101 SET character_set_client = @saved_cs_client */;

--
-- Dumping data for table `grpfnc_sponsorship`
--

LOCK TABLES `grpfnc_sponsorship` WRITE;
/*!40000 ALTER TABLE `grpfnc_sponsorship` DISABLE KEYS */;
/*!40000 ALTER TABLE `grpfnc_sponsorship` ENABLE KEYS */;
UNLOCK TABLES;

--
-- Table structure for table `grpfnca`
--

DROP TABLE IF EXISTS `grpfnca`;
/*!40101 SET @saved_cs_client     = @@character_set_client */;
/*!50503 SET character_set_client = utf8mb4 */;
CREATE TABLE `grpfnca` (
  `grpno` char(30) COLLATE utf8mb4_unicode_ci NOT NULL,
  `grpfnc_capitaltotal` bigint DEFAULT '0',
  `grpfnc_sponsorshiptotal` bigint DEFAULT '0',
  `grpfnc_purchasetotal` bigint DEFAULT '0',
  `grpfnc_losstotal` bigint DEFAULT '0',
  `grpfnc_clssalestotal` bigint DEFAULT '0',
  `grpfnc_clssalesunpaidtotal` bigint DEFAULT '0',
  `grpfnc_clssaleslosstotal` bigint DEFAULT '0',
  `grpfnc_clspurchasetotal` bigint DEFAULT '0',
  `grpfnc_alltotal` bigint DEFAULT '0',
  `modidt` datetime DEFAULT NULL,
  PRIMARY KEY (`grpno`)
) ENGINE=InnoDB DEFAULT CHARSET=utf8mb4 COLLATE=utf8mb4_unicode_ci;
/*!40101 SET character_set_client = @saved_cs_client */;

--
-- Dumping data for table `grpfnca`
--

LOCK TABLES `grpfnca` WRITE;
/*!40000 ALTER TABLE `grpfnca` DISABLE KEYS */;
INSERT INTO `grpfnca` (`grpno`, `grpfnc_capitaltotal`, `grpfnc_sponsorshiptotal`, `grpfnc_purchasetotal`, `grpfnc_losstotal`, `grpfnc_clssalestotal`, `grpfnc_clssalesunpaidtotal`, `grpfnc_clssaleslosstotal`, `grpfnc_clspurchasetotal`, `grpfnc_alltotal`, `modidt`) VALUES ('GCYHTRMLKYLEXMELLYTWCUBWAWALXD',100000,0,90000,0,0,370000,0,0,-460000,'2026-02-26 02:41:47');
/*!40000 ALTER TABLE `grpfnca` ENABLE KEYS */;
UNLOCK TABLES;

--
-- Table structure for table `grpfnclog`
--

DROP TABLE IF EXISTS `grpfnclog`;
/*!40101 SET @saved_cs_client     = @@character_set_client */;
/*!50503 SET character_set_client = utf8mb4 */;
CREATE TABLE `grpfnclog` (
  `grpno` char(30) COLLATE utf8mb4_unicode_ci NOT NULL,
  `gfmlfield` varchar(50) COLLATE utf8mb4_unicode_ci NOT NULL,
  `gfmlkeyno` int NOT NULL,
  `gfmlhistno` int NOT NULL,
  `gfmltype` enum('insert','update','delete') COLLATE utf8mb4_unicode_ci DEFAULT NULL,
  `gfmlcontent` varchar(50) COLLATE utf8mb4_unicode_ci DEFAULT NULL,
  `gfmlsummarypar` int DEFAULT NULL,
  `gfmlsummaryreal` int DEFAULT NULL,
  `gfmlcomment` varchar(255) COLLATE utf8mb4_unicode_ci DEFAULT NULL,
  `regdt` datetime DEFAULT NULL,
  PRIMARY KEY (`grpno`,`gfmlfield`,`gfmlkeyno`,`gfmlhistno`)
) ENGINE=InnoDB DEFAULT CHARSET=utf8mb4 COLLATE=utf8mb4_unicode_ci;
/*!40101 SET character_set_client = @saved_cs_client */;

--
-- Dumping data for table `grpfnclog`
--

LOCK TABLES `grpfnclog` WRITE;
/*!40000 ALTER TABLE `grpfnclog` DISABLE KEYS */;
INSERT INTO `grpfnclog` (`grpno`, `gfmlfield`, `gfmlkeyno`, `gfmlhistno`, `gfmltype`, `gfmlcontent`, `gfmlsummarypar`, `gfmlsummaryreal`, `gfmlcomment`, `regdt`) VALUES ('GCYHTRMLKYLEXMELLYTWCUBWAWALXD','GRPFNC_CAPITALTOTAL',1,1,'update','',NULL,100000,'첫 입력','2026-02-05 16:35:28');
/*!40000 ALTER TABLE `grpfnclog` ENABLE KEYS */;
UNLOCK TABLES;

--
-- Table structure for table `grpforall`
--

DROP TABLE IF EXISTS `grpforall`;
/*!40101 SET @saved_cs_client     = @@character_set_client */;
/*!50503 SET character_set_client = utf8mb4 */;
CREATE TABLE `grpforall` (
  `grpno` char(30) COLLATE utf8mb4_unicode_ci NOT NULL,
  `clsstatus_edit` int DEFAULT '0',
  `clsstatus_ing` int DEFAULT '0',
  `clsstatus_end` int DEFAULT '0',
  `clsstatus_cancel` int DEFAULT '0',
  `modidt` datetime DEFAULT NULL,
  PRIMARY KEY (`grpno`)
) ENGINE=InnoDB DEFAULT CHARSET=utf8mb4 COLLATE=utf8mb4_unicode_ci;
/*!40101 SET character_set_client = @saved_cs_client */;

--
-- Dumping data for table `grpforall`
--

LOCK TABLES `grpforall` WRITE;
/*!40000 ALTER TABLE `grpforall` DISABLE KEYS */;
/*!40000 ALTER TABLE `grpforall` ENABLE KEYS */;
UNLOCK TABLES;

--
-- Table structure for table `grpm_privacy`
--

DROP TABLE IF EXISTS `grpm_privacy`;
/*!40101 SET @saved_cs_client     = @@character_set_client */;
/*!50503 SET character_set_client = utf8mb4 */;
CREATE TABLE `grpm_privacy` (
  `grpno` char(30) COLLATE utf8mb4_unicode_ci NOT NULL,
  `userno` char(30) COLLATE utf8mb4_unicode_ci NOT NULL,
  `priv_phone` enum('all','grp','mng','any') COLLATE utf8mb4_unicode_ci DEFAULT NULL,
  `modidt` datetime DEFAULT NULL,
  PRIMARY KEY (`grpno`,`userno`),
  KEY `grpm_privacy_idx1` (`userno`)
) ENGINE=InnoDB DEFAULT CHARSET=utf8mb4 COLLATE=utf8mb4_unicode_ci;
/*!40101 SET character_set_client = @saved_cs_client */;

--
-- Dumping data for table `grpm_privacy`
--

LOCK TABLES `grpm_privacy` WRITE;
/*!40000 ALTER TABLE `grpm_privacy` DISABLE KEYS */;
INSERT INTO `grpm_privacy` (`grpno`, `userno`, `priv_phone`, `modidt`) VALUES ('GCYHTRMLKYLEXMELLYTWCUBWAWALXD','AETRLFDDQMIUISMWWACUXIXQGAAEOV',NULL,'2026-02-26 19:53:07'),('GCYHTRMLKYLEXMELLYTWCUBWAWALXD','AXBWEGAGLACBNHLZCBGIZBJZLMDJPJ',NULL,'2026-02-26 19:53:07'),('GCYHTRMLKYLEXMELLYTWCUBWAWALXD','BAHPEHFTYGRSXSJXNJRIAOLGWVZPLH',NULL,'2026-02-26 19:53:07'),('GCYHTRMLKYLEXMELLYTWCUBWAWALXD','BBQMXCZSQLPOLVMQLJJLWCGJMWVMJS',NULL,'2026-02-26 19:53:07'),('GCYHTRMLKYLEXMELLYTWCUBWAWALXD','BFOIICINSBWKACAMSUAUSTHDKWKPJI',NULL,'2026-02-26 19:53:07'),('GCYHTRMLKYLEXMELLYTWCUBWAWALXD','BIXKHMZVMQIJQXHOCHXXCTSKOHWLDA',NULL,'2026-02-26 19:53:07'),('GCYHTRMLKYLEXMELLYTWCUBWAWALXD','BLMYTUFYFLDGOVARMAQAMPLGUCDXJX',NULL,'2026-02-26 19:53:07'),('GCYHTRMLKYLEXMELLYTWCUBWAWALXD','BMYOBHEPJODWNTNDNDNLKRZIDNHKBN',NULL,'2026-02-26 19:53:07'),('GCYHTRMLKYLEXMELLYTWCUBWAWALXD','CFVPAGVDVSVEAQQYTFHZASUJLHOKRA',NULL,'2026-02-26 19:53:07'),('GCYHTRMLKYLEXMELLYTWCUBWAWALXD','CHJPEZGENAPDMCYMMALSANMTQVDFFR',NULL,'2026-02-26 19:53:07'),('GCYHTRMLKYLEXMELLYTWCUBWAWALXD','CVKSWMQFHHCOULCRBOGNJCGJXBRVAJ',NULL,'2026-02-26 19:53:07'),('GCYHTRMLKYLEXMELLYTWCUBWAWALXD','DIFCIQPOUIDMZTFMVTXCOSVZZVBPNU',NULL,'2026-02-26 19:53:07'),('GCYHTRMLKYLEXMELLYTWCUBWAWALXD','FGBVRQKIRIYZXZRKRTAOIZXZGNUNTS',NULL,'2026-02-26 19:53:07'),('GCYHTRMLKYLEXMELLYTWCUBWAWALXD','FKTUQXQGFXQYQKPAXFAXFUHUHHNWHU',NULL,'2026-02-26 19:53:07'),('GCYHTRMLKYLEXMELLYTWCUBWAWALXD','GQQEJFYHZLANVYUZDOLRGHYWYRXRYN',NULL,'2026-02-26 19:53:07'),('GCYHTRMLKYLEXMELLYTWCUBWAWALXD','GUGTYDBBEEDXMMPQJSEXSPSOEUZWNL',NULL,'2026-02-26 19:53:07'),('GCYHTRMLKYLEXMELLYTWCUBWAWALXD','GWETWJPAOHLTHTXHYMHHXIDZFJAJSZ',NULL,'2026-02-26 19:53:07'),('GCYHTRMLKYLEXMELLYTWCUBWAWALXD','HSEBNUYSWSAHWBGGXKGUXNZWHEBNSP',NULL,'2026-02-26 19:53:07'),('GCYHTRMLKYLEXMELLYTWCUBWAWALXD','IDGBAXUVCFMMXGUBWTREQFJBZSQBNZ',NULL,'2026-02-26 19:53:07'),('GCYHTRMLKYLEXMELLYTWCUBWAWALXD','INIWOBYMMUYMOFIKVIBSYMZEIXTUEA',NULL,'2026-02-26 19:53:07'),('GCYHTRMLKYLEXMELLYTWCUBWAWALXD','JCVUUFCEALNLVQCLQIDBKETCHKLXTY',NULL,'2026-02-26 19:53:07'),('GCYHTRMLKYLEXMELLYTWCUBWAWALXD','JLGDRBKWCSRHTWKDBLDMQSOPNLFETN',NULL,'2026-02-26 19:53:07'),('GCYHTRMLKYLEXMELLYTWCUBWAWALXD','JTOANJPDZGHYZKEMYXPSMIEXMWYMYH',NULL,'2026-02-26 19:53:07'),('GCYHTRMLKYLEXMELLYTWCUBWAWALXD','KBIRGFBXHSEJYESEOYPSNZEJVXIXEX',NULL,'2026-02-26 19:53:07'),('GCYHTRMLKYLEXMELLYTWCUBWAWALXD','KSJJKNUNXSWAJGSCSMTRKKEODUWMQP',NULL,'2026-02-26 19:53:07'),('GCYHTRMLKYLEXMELLYTWCUBWAWALXD','KYYTJJTSWTHWWIXCQPLBBTLZRCYIAL',NULL,'2026-02-26 19:53:07'),('GCYHTRMLKYLEXMELLYTWCUBWAWALXD','LAPCPMDNTIWZCXIGMIETNBWMZQLWFH',NULL,'2026-02-26 19:53:07'),('GCYHTRMLKYLEXMELLYTWCUBWAWALXD','LJACLAGKLPLYLJYFBTMZZDUFEALFFB',NULL,'2026-02-26 19:53:07'),('GCYHTRMLKYLEXMELLYTWCUBWAWALXD','LSNAUOBXUFNLPJXTJDCWABZDNJXAZO',NULL,'2026-02-26 19:53:07'),('GCYHTRMLKYLEXMELLYTWCUBWAWALXD','NEKTBVCEVXZCMKQHABJYZUJHVFVJVN',NULL,'2026-02-26 19:53:07'),('GCYHTRMLKYLEXMELLYTWCUBWAWALXD','NEOAYVOFLLJEJVBZEXZAEHVFIPCIGM',NULL,'2026-02-26 19:53:07'),('GCYHTRMLKYLEXMELLYTWCUBWAWALXD','NEYSKPXGUJREEJFVIIORWAJNSUXKFC',NULL,'2026-02-26 19:53:07'),('GCYHTRMLKYLEXMELLYTWCUBWAWALXD','NGPQWWYOGSNQXRNLCAUKLWOPEBWQQW',NULL,'2026-02-26 19:53:07'),('GCYHTRMLKYLEXMELLYTWCUBWAWALXD','NLTEBCMMDIBQDSWBIJBIVAYTSKZXEZ',NULL,'2026-02-26 19:53:07'),('GCYHTRMLKYLEXMELLYTWCUBWAWALXD','NNTANECIRHVFTQYXIGFHFOOSVVKTXE',NULL,'2026-02-26 19:53:07'),('GCYHTRMLKYLEXMELLYTWCUBWAWALXD','OJCKQSDJMJOENYLBTIZFNVJXDLMVPG',NULL,'2026-02-26 19:53:07'),('GCYHTRMLKYLEXMELLYTWCUBWAWALXD','PCUWRBXEGROWRKWQJPELKHLZIVTGOT',NULL,'2026-02-26 19:53:07'),('GCYHTRMLKYLEXMELLYTWCUBWAWALXD','PFEKZFJGUKLRPPNWOFCKQPFDMNCMGR',NULL,'2026-02-26 19:53:07'),('GCYHTRMLKYLEXMELLYTWCUBWAWALXD','PFZXOSBYPBMFVMFZITKGDFODWMUYTH',NULL,'2026-02-26 19:53:07'),('GCYHTRMLKYLEXMELLYTWCUBWAWALXD','PNPOBOMJCESNWZTIWEIPPESBXTQFIV',NULL,'2026-02-26 19:53:07'),('GCYHTRMLKYLEXMELLYTWCUBWAWALXD','RDJTQNTMFVXBLKNUMIXFGFLUPHKVMP',NULL,'2026-02-26 19:53:07'),('GCYHTRMLKYLEXMELLYTWCUBWAWALXD','RKZTOJYACFVSGVBHDZBJGFUASGOSXT',NULL,'2026-02-26 19:53:07'),('GCYHTRMLKYLEXMELLYTWCUBWAWALXD','RUEEOJPOXXXFEFDZXGPLFIKDLKZOPR',NULL,'2026-02-26 19:53:07'),('GCYHTRMLKYLEXMELLYTWCUBWAWALXD','RZHFUDQGVWHCAMOXXYVDQQZFUGUNBG',NULL,'2026-02-27 00:32:56'),('GCYHTRMLKYLEXMELLYTWCUBWAWALXD','SBCKSZTHUGMTHFOGDKMJTNQGXOMRVZ',NULL,'2026-02-26 19:53:07'),('GCYHTRMLKYLEXMELLYTWCUBWAWALXD','SPMUHQLAPCEBHNUBQIWGVNOQYWRHVU',NULL,'2026-02-26 19:53:07'),('GCYHTRMLKYLEXMELLYTWCUBWAWALXD','SRDUGNLWSRHFLVNZZJSKLXCGNFZFXQ',NULL,'2026-02-26 19:53:07'),('GCYHTRMLKYLEXMELLYTWCUBWAWALXD','SXMMNKAWQFUQMWMUEKQJFOIWAWUEBE',NULL,'2026-02-26 19:53:07'),('GCYHTRMLKYLEXMELLYTWCUBWAWALXD','TKPHEJZQOAULOBTJSTENDLDJWMMKTO',NULL,'2026-02-26 19:53:07'),('GCYHTRMLKYLEXMELLYTWCUBWAWALXD','UCANQZSHXYPBHSUSMLLFKIPBIVMGUJ',NULL,'2026-02-26 19:53:07'),('GCYHTRMLKYLEXMELLYTWCUBWAWALXD','UDFCQAHODIVWEHXUAABEKBVOTUGMMG',NULL,'2026-02-26 19:53:07'),('GCYHTRMLKYLEXMELLYTWCUBWAWALXD','UUBBLQFUPIXPNCIHILQDPJTMCZBPII',NULL,'2026-02-26 19:53:07'),('GCYHTRMLKYLEXMELLYTWCUBWAWALXD','UVRJBDPOPJXKHBWJKHHTEIYZOBBMUX',NULL,'2026-02-26 19:53:07'),('GCYHTRMLKYLEXMELLYTWCUBWAWALXD','VPXNIENTVCDYOUUMPTXRUOJWTYBJYY',NULL,'2026-02-26 19:53:07'),('GCYHTRMLKYLEXMELLYTWCUBWAWALXD','WPZEPLBLSLLVBUEGCJHJUFLEAGRRRW',NULL,'2026-02-26 19:53:07'),('GCYHTRMLKYLEXMELLYTWCUBWAWALXD','XEDUCWDREMJNGKPZNMYQTVSXQTOTAY',NULL,'2026-02-26 19:53:07'),('GCYHTRMLKYLEXMELLYTWCUBWAWALXD','YICWTXUKKVXILGNCTMSFSFRZWDKMGR',NULL,'2026-02-26 19:53:07'),('GCYHTRMLKYLEXMELLYTWCUBWAWALXD','ZBXSKHTFQAVHXUZCOEKZLHJYQGXEHB',NULL,'2026-02-26 19:53:07');
/*!40000 ALTER TABLE `grpm_privacy` ENABLE KEYS */;
UNLOCK TABLES;

--
-- Table structure for table `payment_log`
--

DROP TABLE IF EXISTS `payment_log`;
/*!40101 SET @saved_cs_client     = @@character_set_client */;
/*!50503 SET character_set_client = utf8mb4 */;
CREATE TABLE `payment_log` (
  `userno` char(30) CHARACTER SET utf8mb4 COLLATE utf8mb4_unicode_ci NOT NULL,
  `plogd` date NOT NULL,
  `plogidx` int NOT NULL,
  `plogtype` enum('in','out') CHARACTER SET utf8mb4 COLLATE utf8mb4_unicode_ci DEFAULT NULL,
  `pointtype` enum('cls') CHARACTER SET utf8mb4 COLLATE utf8mb4_unicode_ci DEFAULT NULL,
  `relgrpno` char(30) CHARACTER SET utf8mb4 COLLATE utf8mb4_unicode_ci NOT NULL,
  `relclsno` char(30) CHARACTER SET utf8mb4 COLLATE utf8mb4_unicode_ci NOT NULL,
  `relorderno` int NOT NULL,
  `point` int DEFAULT NULL,
  `pointleft` int DEFAULT NULL,
  `memo` varchar(50) CHARACTER SET utf8mb4 COLLATE utf8mb4_unicode_ci DEFAULT NULL,
  `memosys` varchar(50) CHARACTER SET utf8mb4 COLLATE utf8mb4_unicode_ci DEFAULT NULL,
  `regdt` datetime DEFAULT NULL,
  PRIMARY KEY (`userno`,`plogd`,`plogidx`)
) ENGINE=InnoDB DEFAULT CHARSET=utf8mb4 COLLATE=utf8mb4_unicode_ci;
/*!40101 SET character_set_client = @saved_cs_client */;

--
-- Dumping data for table `payment_log`
--

LOCK TABLES `payment_log` WRITE;
/*!40000 ALTER TABLE `payment_log` DISABLE KEYS */;
INSERT INTO `payment_log` (`userno`, `plogd`, `plogidx`, `plogtype`, `pointtype`, `relgrpno`, `relclsno`, `relorderno`, `point`, `pointleft`, `memo`, `memosys`, `regdt`) VALUES ('RZHFUDQGVWHCAMOXXYVDQQZFUGUNBG','2025-07-18',0,'in','cls','GCYHTRMLKYLEXMELLYTWCUBWAWALXD','20250706-DXHBE',2,15000,195000,'일정참가비','','2025-07-18 21:43:58'),('RZHFUDQGVWHCAMOXXYVDQQZFUGUNBG','2025-07-18',1,'in','cls','GCYHTRMLKYLEXMELLYTWCUBWAWALXD','20250706-DXHBE',3,15000,180000,'일정참가비','','2025-07-18 21:43:58'),('RZHFUDQGVWHCAMOXXYVDQQZFUGUNBG','2025-07-20',0,'out','cls','GCYHTRMLKYLEXMELLYTWCUBWAWALXD','20250706-DXHBE',1,0,180000,'일정참가비 지불','','2025-07-20 21:15:06'),('RZHFUDQGVWHCAMOXXYVDQQZFUGUNBG','2025-07-20',1,'out','cls','GCYHTRMLKYLEXMELLYTWCUBWAWALXD','20250706-DXHBE',4,0,180000,'일정참가비 지불','','2025-07-20 21:18:32'),('RZHFUDQGVWHCAMOXXYVDQQZFUGUNBG','2025-07-20',2,'in','cls','GCYHTRMLKYLEXMELLYTWCUBWAWALXD','20250706-DXHBE',4,0,180000,'일정참가비 반환','','2025-07-20 21:20:10'),('RZHFUDQGVWHCAMOXXYVDQQZFUGUNBG','2025-07-20',3,'in','cls','GCYHTRMLKYLEXMELLYTWCUBWAWALXD','20250706-DXHBE',1,0,180000,'일정참가비 반환','','2025-07-20 21:20:15');
/*!40000 ALTER TABLE `payment_log` ENABLE KEYS */;
UNLOCK TABLES;

--
-- Table structure for table `scheduleall`
--

DROP TABLE IF EXISTS `scheduleall`;
/*!40101 SET @saved_cs_client     = @@character_set_client */;
/*!50503 SET character_set_client = utf8mb4 */;
CREATE TABLE `scheduleall` (
  `sclyear` int NOT NULL,
  `sclmonth` tinyint NOT NULL,
  `sclweek` tinyint NOT NULL,
  `sclstartdate` date NOT NULL,
  `sclclosedate` date NOT NULL,
  PRIMARY KEY (`sclyear`,`sclmonth`,`sclweek`)
) ENGINE=InnoDB DEFAULT CHARSET=utf8mb4 COLLATE=utf8mb4_unicode_ci;
/*!40101 SET character_set_client = @saved_cs_client */;

--
-- Dumping data for table `scheduleall`
--

LOCK TABLES `scheduleall` WRITE;
/*!40000 ALTER TABLE `scheduleall` DISABLE KEYS */;
INSERT INTO `scheduleall` (`sclyear`, `sclmonth`, `sclweek`, `sclstartdate`, `sclclosedate`) VALUES (2025,12,1,'2025-12-01','2025-12-07'),(2025,12,2,'2025-12-08','2025-12-14'),(2025,12,3,'2025-12-15','2025-12-21'),(2025,12,4,'2025-12-22','2025-12-28'),(2026,1,1,'2025-12-29','2026-01-04'),(2026,1,2,'2026-01-05','2026-01-11'),(2026,1,3,'2026-01-12','2026-01-18'),(2026,1,4,'2026-01-19','2026-01-25'),(2026,1,5,'2026-01-26','2026-02-01'),(2026,2,1,'2026-02-02','2026-02-08'),(2026,2,2,'2026-02-09','2026-02-15'),(2026,2,3,'2026-02-16','2026-02-22'),(2026,2,4,'2026-02-23','2026-03-01'),(2026,3,1,'2026-03-02','2026-03-08'),(2026,3,2,'2026-03-09','2026-03-15'),(2026,3,3,'2026-03-16','2026-03-22'),(2026,3,4,'2026-03-23','2026-03-29'),(2026,4,1,'2026-03-30','2026-04-05'),(2026,4,2,'2026-04-06','2026-04-12'),(2026,4,3,'2026-04-13','2026-04-19'),(2026,4,4,'2026-04-20','2026-04-26'),(2026,4,5,'2026-04-27','2026-05-03'),(2026,5,1,'2026-05-04','2026-05-10'),(2026,5,2,'2026-05-11','2026-05-17'),(2026,5,3,'2026-05-18','2026-05-24'),(2026,5,4,'2026-05-25','2026-05-31'),(2026,6,1,'2026-06-01','2026-06-07'),(2026,6,2,'2026-06-08','2026-06-14'),(2026,6,3,'2026-06-15','2026-06-21'),(2026,6,4,'2026-06-22','2026-06-28'),(2026,7,1,'2026-06-29','2026-07-05'),(2026,7,2,'2026-07-06','2026-07-12'),(2026,7,3,'2026-07-13','2026-07-19'),(2026,7,4,'2026-07-20','2026-07-26'),(2026,7,5,'2026-07-27','2026-08-02'),(2026,8,1,'2026-08-03','2026-08-09'),(2026,8,2,'2026-08-10','2026-08-16'),(2026,8,3,'2026-08-17','2026-08-23'),(2026,8,4,'2026-08-24','2026-08-30'),(2026,9,1,'2026-08-31','2026-09-06'),(2026,9,2,'2026-09-07','2026-09-13'),(2026,9,3,'2026-09-14','2026-09-20'),(2026,9,4,'2026-09-21','2026-09-27'),(2026,10,1,'2026-09-28','2026-10-04'),(2026,10,2,'2026-10-05','2026-10-11'),(2026,10,3,'2026-10-12','2026-10-18'),(2026,10,4,'2026-10-19','2026-10-25'),(2026,10,5,'2026-10-26','2026-11-01'),(2026,11,1,'2026-11-02','2026-11-08'),(2026,11,2,'2026-11-09','2026-11-15'),(2026,11,3,'2026-11-16','2026-11-22'),(2026,11,4,'2026-11-23','2026-11-29'),(2026,12,1,'2026-11-30','2026-12-06'),(2026,12,2,'2026-12-07','2026-12-13'),(2026,12,3,'2026-12-14','2026-12-20'),(2026,12,4,'2026-12-21','2026-12-27'),(2026,12,5,'2026-12-28','2027-01-03'),(2027,1,1,'2027-01-04','2027-01-10'),(2027,1,2,'2027-01-11','2027-01-17'),(2027,1,3,'2027-01-18','2027-01-24'),(2027,1,4,'2027-01-25','2027-01-31'),(2027,2,1,'2027-02-01','2027-02-07'),(2027,2,2,'2027-02-08','2027-02-14'),(2027,2,3,'2027-02-15','2027-02-21'),(2027,2,4,'2027-02-22','2027-02-28'),(2027,3,1,'2027-03-01','2027-03-07'),(2027,3,2,'2027-03-08','2027-03-14'),(2027,3,3,'2027-03-15','2027-03-21'),(2027,3,4,'2027-03-22','2027-03-28'),(2027,4,1,'2027-03-29','2027-04-04'),(2027,4,2,'2027-04-05','2027-04-11'),(2027,4,3,'2027-04-12','2027-04-18'),(2027,4,4,'2027-04-19','2027-04-25'),(2027,4,5,'2027-04-26','2027-05-02'),(2027,5,1,'2027-05-03','2027-05-09'),(2027,5,2,'2027-05-10','2027-05-16'),(2027,5,3,'2027-05-17','2027-05-23'),(2027,5,4,'2027-05-24','2027-05-30'),(2027,6,1,'2027-05-31','2027-06-06'),(2027,6,2,'2027-06-07','2027-06-13'),(2027,6,3,'2027-06-14','2027-06-20'),(2027,6,4,'2027-06-21','2027-06-27'),(2027,7,1,'2027-06-28','2027-07-04'),(2027,7,2,'2027-07-05','2027-07-11'),(2027,7,3,'2027-07-12','2027-07-18'),(2027,7,4,'2027-07-19','2027-07-25'),(2027,7,5,'2027-07-26','2027-08-01'),(2027,8,1,'2027-08-02','2027-08-08'),(2027,8,2,'2027-08-09','2027-08-15'),(2027,8,3,'2027-08-16','2027-08-22'),(2027,8,4,'2027-08-23','2027-08-29'),(2027,9,1,'2027-08-30','2027-09-05'),(2027,9,2,'2027-09-06','2027-09-12'),(2027,9,3,'2027-09-13','2027-09-19'),(2027,9,4,'2027-09-20','2027-09-26'),(2027,9,5,'2027-09-27','2027-10-03'),(2027,10,1,'2027-10-04','2027-10-10'),(2027,10,2,'2027-10-11','2027-10-17'),(2027,10,3,'2027-10-18','2027-10-24'),(2027,10,4,'2027-10-25','2027-10-31'),(2027,11,1,'2027-11-01','2027-11-07'),(2027,11,2,'2027-11-08','2027-11-14'),(2027,11,3,'2027-11-15','2027-11-21'),(2027,11,4,'2027-11-22','2027-11-28'),(2027,12,1,'2027-11-29','2027-12-05'),(2027,12,2,'2027-12-06','2027-12-12'),(2027,12,3,'2027-12-13','2027-12-19'),(2027,12,4,'2027-12-20','2027-12-26'),(2027,12,5,'2027-12-27','2028-01-02');
/*!40000 ALTER TABLE `scheduleall` ENABLE KEYS */;
UNLOCK TABLES;

--
-- Table structure for table `schedulebytime`
--

DROP TABLE IF EXISTS `schedulebytime`;
/*!40101 SET @saved_cs_client     = @@character_set_client */;
/*!50503 SET character_set_client = utf8mb4 */;
CREATE TABLE `schedulebytime` (
  `userno` char(30) CHARACTER SET utf8mb4 COLLATE utf8mb4_unicode_ci NOT NULL,
  `sclyear` int NOT NULL,
  `sclmonth` tinyint NOT NULL,
  `sclweek` tinyint NOT NULL,
  `scldate` date NOT NULL,
  `sclstarttime` time NOT NULL,
  `sclclosetime` time NOT NULL,
  `sclfreelevel` tinyint DEFAULT NULL,
  `modidt` datetime DEFAULT NULL,
  `regdt` datetime DEFAULT NULL,
  PRIMARY KEY (`userno`,`sclyear`,`sclmonth`,`sclweek`,`scldate`,`sclstarttime`,`sclclosetime`)
) ENGINE=InnoDB DEFAULT CHARSET=utf8mb4 COLLATE=utf8mb4_unicode_ci;
/*!40101 SET character_set_client = @saved_cs_client */;

--
-- Dumping data for table `schedulebytime`
--

LOCK TABLES `schedulebytime` WRITE;
/*!40000 ALTER TABLE `schedulebytime` DISABLE KEYS */;
/*!40000 ALTER TABLE `schedulebytime` ENABLE KEYS */;
UNLOCK TABLES;

--
-- Table structure for table `schedulebyweek`
--

DROP TABLE IF EXISTS `schedulebyweek`;
/*!40101 SET @saved_cs_client     = @@character_set_client */;
/*!50503 SET character_set_client = utf8mb4 */;
CREATE TABLE `schedulebyweek` (
  `userno` char(30) CHARACTER SET utf8mb4 COLLATE utf8mb4_unicode_ci NOT NULL,
  `sclyear` int NOT NULL,
  `sclmonth` tinyint NOT NULL,
  `sclweek` tinyint NOT NULL,
  `scletc` varchar(255) CHARACTER SET utf8mb4 COLLATE utf8mb4_unicode_ci DEFAULT NULL,
  `sclsubmit` enum('n','y') CHARACTER SET utf8mb4 COLLATE utf8mb4_unicode_ci DEFAULT NULL,
  `modidt` datetime DEFAULT NULL,
  `regdt` datetime DEFAULT NULL,
  PRIMARY KEY (`userno`,`sclyear`,`sclmonth`,`sclweek`)
) ENGINE=InnoDB DEFAULT CHARSET=utf8mb4 COLLATE=utf8mb4_unicode_ci;
/*!40101 SET character_set_client = @saved_cs_client */;

--
-- Dumping data for table `schedulebyweek`
--

LOCK TABLES `schedulebyweek` WRITE;
/*!40000 ALTER TABLE `schedulebyweek` DISABLE KEYS */;
INSERT INTO `schedulebyweek` (`userno`, `sclyear`, `sclmonth`, `sclweek`, `scletc`, `sclsubmit`, `modidt`, `regdt`) VALUES ('RZHFUDQGVWHCAMOXXYVDQQZFUGUNBG',2025,12,2,NULL,NULL,'2025-12-16 21:29:14','2025-12-16 21:29:14'),('RZHFUDQGVWHCAMOXXYVDQQZFUGUNBG',2025,12,3,NULL,NULL,'2025-12-16 21:20:47','2025-12-16 21:20:47'),('RZHFUDQGVWHCAMOXXYVDQQZFUGUNBG',2025,12,4,NULL,NULL,'2025-12-16 21:24:37','2025-12-16 21:24:37');
/*!40000 ALTER TABLE `schedulebyweek` ENABLE KEYS */;
UNLOCK TABLES;

--
-- Table structure for table `user`
--

DROP TABLE IF EXISTS `user`;
/*!40101 SET @saved_cs_client     = @@character_set_client */;
/*!50503 SET character_set_client = utf8mb4 */;
CREATE TABLE `user` (
  `userno` char(30) CHARACTER SET utf8mb4 COLLATE utf8mb4_unicode_ci NOT NULL,
  `usertype` enum('normal','temp') CHARACTER SET utf8mb4 COLLATE utf8mb4_unicode_ci DEFAULT 'normal',
  `id` char(50) CHARACTER SET utf8mb4 COLLATE utf8mb4_unicode_ci NOT NULL,
  `pw` char(255) CHARACTER SET utf8mb4 COLLATE utf8mb4_unicode_ci NOT NULL,
  `img` char(10) CHARACTER SET utf8mb4 COLLATE utf8mb4_unicode_ci DEFAULT NULL,
  `name` char(30) CHARACTER SET utf8mb4 COLLATE utf8mb4_unicode_ci DEFAULT NULL,
  `birthyear` int DEFAULT NULL,
  `phone` char(30) CHARACTER SET utf8mb4 COLLATE utf8mb4_unicode_ci DEFAULT NULL,
  `email` char(150) CHARACTER SET utf8mb4 COLLATE utf8mb4_unicode_ci DEFAULT NULL,
  `point` int DEFAULT '0',
  `baccnodefault` int DEFAULT NULL,
  `adrcvflg` enum('y','n') CHARACTER SET utf8mb4 COLLATE utf8mb4_unicode_ci DEFAULT 'n',
  `hascarflg` enum('y','n') CHARACTER SET utf8mb4 COLLATE utf8mb4_unicode_ci DEFAULT 'n',
  `address` char(50) CHARACTER SET utf8mb4 COLLATE utf8mb4_unicode_ci DEFAULT NULL,
  `adminflg` enum('y','n') CHARACTER SET utf8mb4 COLLATE utf8mb4_unicode_ci DEFAULT 'n',
  `platform` char(3) CHARACTER SET utf8mb4 COLLATE utf8mb4_unicode_ci DEFAULT NULL,
  `apikey` char(50) CHARACTER SET utf8mb4 COLLATE utf8mb4_unicode_ci DEFAULT NULL,
  `pushtoken` char(255) CHARACTER SET utf8mb4 COLLATE utf8mb4_unicode_ci DEFAULT NULL,
  `deletedata_rqstdt` datetime DEFAULT NULL,
  `deletedata_procdt` datetime DEFAULT NULL,
  `modidt` datetime DEFAULT NULL,
  `regidt` datetime DEFAULT NULL,
  PRIMARY KEY (`userno`)
) ENGINE=InnoDB DEFAULT CHARSET=utf8mb4 COLLATE=utf8mb4_unicode_ci;
/*!40101 SET character_set_client = @saved_cs_client */;

--
-- Dumping data for table `user`
--

LOCK TABLES `user` WRITE;
/*!40000 ALTER TABLE `user` DISABLE KEYS */;
INSERT INTO `user` (`userno`, `usertype`, `id`, `pw`, `img`, `name`, `birthyear`, `phone`, `email`, `point`, `baccnodefault`, `adrcvflg`, `hascarflg`, `address`, `adminflg`, `platform`, `apikey`, `pushtoken`, `deletedata_rqstdt`, `deletedata_procdt`, `modidt`, `regidt`) VALUES ('AETRLFDDQMIUISMWWACUXIXQGAAEOV','temp','temp-oxu9oj4ag1szedyqa3apvlr8rve7hq','$2y$12$9WP7e3EuN/.cMXk1q1Nc/Oj6Yvx0J1V/cPte3sKeEp.k9pjz2FcDe','07o787tbmy','당근신규',NULL,'','',0,NULL,'n','n','','n',NULL,NULL,NULL,NULL,NULL,'2025-09-28 13:37:52','2025-09-28 13:37:52'),('AXBWEGAGLACBNHLZCBGIZBJZLMDJPJ','normal','ojeongh','$2y$12$wnf95OxNTuNuy5eei8MPCuPT/be0Yf9.540VpGZ85BCTonp4NEoK.','hw6k1z5vit','오정현',2007,'010-2705-5121','',0,NULL,'n','n','북구 침산동','n',NULL,'vpogr4oogyy1r9t1phhipkbc6lob0c0vjxl8uqf814lr23dx6u',NULL,NULL,NULL,'2025-09-29 21:28:50','2025-09-29 21:28:50'),('BAHPEHFTYGRSXSJXNJRIAOLGWVZPLH','normal','dochi','$2y$12$stybczaXavmSrDLtyPr77.j8Aoni1S75/ByHeKlOhRTgxzuhpKb7m','z8ebm66nzy','김태진',1987,'010-4264-8688','',0,NULL,'n','y','동구 신암동','n',NULL,'ik97kn4my2us3q93ga8dqeaqd8hq8w4danstrqd79bjucx3gqx',NULL,NULL,NULL,'2025-09-24 05:16:35','2025-09-24 05:16:35'),('BBQMXCZSQLPOLVMQLJJLWCGJMWVMJS','normal','sk41771','$2y$12$WkxRMZy0PZ/PiD9ewfjKOuvNrnifgr9RBwT8fWepUqEmiKEHFq9QO','yuuug0vx6u','김병규',1999,'','',0,NULL,'n','y','','n',NULL,'gd4x8t6u8joj0dwwt5t1708vlfkwzrudtp43gscphxl5btgnsu',NULL,NULL,NULL,'2025-09-28 14:30:30','2025-09-28 14:30:30'),('BFOIICINSBWKACAMSUAUSTHDKWKPJI','normal','dcomma2832','$2y$12$40OjuWvpLU7qsjqu5.Q0z.sxG3121PmsTiLpXbPUz9UJ9ctRHPHjS','llhndjsc02','전진우',1985,'010-6555-2832','',0,NULL,'n','y','동구 신천동','n',NULL,'750hcl9rw8ty6to5kntd1a1hieu0ishxtg0sjthsiwrge3g4ck',NULL,NULL,NULL,'2025-09-23 21:41:04','2025-09-23 21:41:04'),('BIXKHMZVMQIJQXHOCHXXCTSKOHWLDA','temp','temp-onz8y56zfqclhlpta7j7nu6mh1ktxq','$2y$10$roHlxkTOvhrXoKrbukaF8.TNpcBUpoi0YItF/KG/MKg2GSurGEuTm','5xs1idsowe','테스트',NULL,'','',0,NULL,'n','n','','n',NULL,NULL,NULL,NULL,NULL,'2025-10-31 21:53:13','2025-10-31 21:53:13'),('BLMYTUFYFLDGOVARMAQAMPLGUCDXJX','normal','q03051','$2y$12$hUuvkU1jvasTc7ui.OUcJ.0WVpuruPeMCkoOP.anhRKjtEaAD3SHO','xmbad4mi9r','민완기',1997,'010-9037-7799','',0,NULL,'n','y','달서구이곡동','n',NULL,'qdq3akibxn9ryujt24dr1b5rd8lrbhvocfwt04oj482stymxfv',NULL,NULL,NULL,'2025-09-23 21:05:25','2025-09-23 21:05:25'),('BMYOBHEPJODWNTNDNDNLKRZIDNHKBN','temp','temp-ejqibc6uaus2e4lajff9pryr8p8l66','$2y$12$Rrsj6STVrVcn6RpN9Cg.2u29Fn06u9P7j9QcQ.vTHdHoCixz.CF1e','fuqh24iiue','서준형임시',NULL,'','',0,NULL,'n','n','','n',NULL,NULL,NULL,NULL,NULL,'2025-09-26 21:21:56','2025-09-26 21:21:56'),('CFVPAGVDVSVEAQQYTFHZASUJLHOKRA','normal','das03129','$2y$12$5Wn0ZLkMphhR.BCaOsHxp.RATN5v2jq98Yzpb21CEtHjBCxhss.Ze','rse9i99x45','최우성',1997,'010-8595-0039','',0,NULL,'n','y','북구 고성동','n',NULL,'t9f3s1jpl0skzwma25g4038kty8lni1jdgqkydby4c1ggsn6np',NULL,NULL,NULL,'2025-09-29 16:19:53','2025-09-29 16:19:53'),('CHJPEZGENAPDMCYMMALSANMTQVDFFR','normal','heoyunjae','$2y$12$YQWHuywSGxJcShHGkeJmtOrkKuGihae0AbFTGKknJKcebuFSE1KU.','6jgie7uud3','허윤재',2006,'','',0,NULL,'n','y','수성구 범어동','n',NULL,'7u7emzo9aw5eyficgzxa7gy6t5bnlk9i7hjba86s92w3h4c63b',NULL,NULL,NULL,'2025-09-29 15:38:38','2025-09-29 15:38:38'),('CVKSWMQFHHCOULCRBOGNJCGJXBRVAJ','normal','hoo04123','$2y$12$W9tDgbxNoK5rVslWgx1STOZ1Nk88Y97SMR4y5z0JZ5Ul0LP5MkCp2','za9c8aebbb','현연우',2004,'010-5703-6985','',0,NULL,'n','n','남구 성당동','n',NULL,'4de7hpzpjy7sayz1br5n2piombj5q6buzy5g7k13bjqpq88q5a',NULL,NULL,NULL,'2025-09-28 10:42:43','2025-09-28 10:42:43'),('DIFCIQPOUIDMZTFMVTXCOSVZZVBPNU','normal','mykorea102','$2y$12$eH5tLzpYD8Q3VBcI1at0pugZtrJ3wHe9rO71BXi8LRZc1jz3NmqOC','hemox35et0','권현겸',1992,'010-7464-3024','',0,NULL,'n','y','북구 매천동','n',NULL,'i8zbnab82hw08b74objhfj13e6el4k88p9lr8z6dw0mcnj32tl',NULL,NULL,NULL,'2025-09-23 21:06:06','2025-09-23 21:06:06'),('FGBVRQKIRIYZXZRKRTAOIZXZGNUNTS','normal','mawoo80','$2y$12$aX2yUVJl2VyxqBk0rVbUWuRuzcDKVL0xkFd14ZeQFXf.9WA.FvFEG','xy7imwh4ig','권순철',1980,'010-9552-9284','',0,NULL,'n','y','북구  고성동','n',NULL,'k1lpuawr2p3kkgan6afeg2arue7634xqha3rqee37x66yjptx3',NULL,NULL,NULL,'2025-09-24 15:38:12','2025-09-24 15:38:12'),('FKTUQXQGFXQYQKPAXFAXFUHUHHNWHU','normal','microx78','$2y$12$XaCqviS8AafsGPa26ymXbuSKfBZu239Nx5CYWjwpajuu9H48Wl.F.','pg22b6kmz4','조영란',1979,'010-5535-9198','',0,NULL,'n','y','달서구장기동','n',NULL,'9hhj8do5nnxmai75oil0j43x9ok8soy96bw689s05wquae58ju',NULL,NULL,NULL,'2025-09-24 13:09:44','2025-09-24 13:09:44'),('GQQEJFYHZLANVYUZDOLRGHYWYRXRYN','normal','min1769','$2y$12$EBzf5mxXG/e8QuvAZiVFHuTV4vyaXLF4UGy4s.UCNbY7CgF.Z.Bz6','iapgt24wee','박민철',1971,'010-9353-1769','',0,NULL,'n','y','북구 복현동','n',NULL,'svlve3wbqqmgz29ls16mpwn9etkgc5t4vyuyjxweljus1jr78u',NULL,NULL,NULL,'2025-09-23 21:09:54','2025-09-23 21:09:54'),('GUGTYDBBEEDXMMPQJSEXSPSOEUZWNL','normal','test','$2y$12$OvM9IsvoNvP/2/urP7tROuhWxgfkIaK7yccAzqqKvsSIwcBTgorxS','yxgz58mshw','테스트',1992,'010-7417-4268','',0,NULL,'n','n',NULL,'n',NULL,'h56ijq8eu7m0hm3fe1ucw28qt6ejoxvoad5yw5mf7h7kqxs2oi',NULL,NULL,NULL,'2025-08-19 14:18:02','2025-08-19 14:18:02'),('GWETWJPAOHLTHTXHYMHHXIDZFJAJSZ','normal','lbc6376','$2y$12$vdCwKEU.BnJ2.N9Qx3UnluBIO8oKp/EpICrPygGBpJoLTp06xoZRu','6w3uv0ns9j','이병철',1996,'010-2966-4356','',0,NULL,'n','y','북구 산격동','n',NULL,'d68jonwkkn2sl9grd0ade7y64hbhka25oj5gmgyhrmeh5pa35e',NULL,NULL,NULL,'2025-09-29 18:02:39','2025-09-29 18:02:39'),('HSEBNUYSWSAHWBGGXKGUXNZWHEBNSP','normal','gameboy5258','$2y$12$kodFAxLfxZsAM34AKXUD3.h0amZtDqNe.WoUQCGcRIvwccmpkiTgO','jmaliu8mcu','김현록',1979,'010-9728-5258','',0,NULL,'n','y','달성군 다사읍','n',NULL,'txfr5j0gyvhje0r0jrpsowjrvustnr4lqxct1lxr92suq546r5',NULL,NULL,NULL,'2025-09-23 21:43:49','2025-09-23 21:43:49'),('IDGBAXUVCFMMXGUBWTREQFJBZSQBNZ','normal','dkepd12','$2y$12$RonvNAwp8uT8lS0H1xQdW..APZUA2Yi/5Czg3dPTCOOp.Le8BVwr.','ezaqvt2ppt','박창혁',1990,'010-2574-4600','',0,NULL,'n','y','북구 학정동','n',NULL,'0oo4dyh8wq9nwfljwjyb2htyl553y5gxbc7ntxm118k1t7gygu',NULL,NULL,NULL,'2025-09-18 20:08:49','2025-09-18 20:08:49'),('INIWOBYMMUYMOFIKVIBSYMZEIXTUEA','normal','mwkwon80','$2y$12$kzoSBLqXbnKQelvKb/JSSuCEfHlkXXtkAhRCciEZrOjjk/iDNXBoC','akl5qkk5ms','권민욱',1980,'010-5487-6875','',0,NULL,'n','y','달서구 상인동','n',NULL,'mmzxbjud782puinjbftjvxv629s8y7kq1j343q3smv60kmyyqh',NULL,NULL,NULL,'2025-09-28 08:24:01','2025-09-28 08:24:01'),('JCVUUFCEALNLVQCLQIDBKETCHKLXTY','normal','kaksdfghjk','$2y$12$DWmdRgt5FqIswvvgkKhJh.xMhv/FOZhaVYOUyG5OwoPXmfnAPg2DK','ig4l3c6n7z','김인경',1986,'010-2518-6205','',0,NULL,'n','y','남구 대명동','n',NULL,'jty5vhr0iuc6tnwpz7a9vhxo3kh2y9z6z16hccsywmf43gvcm2',NULL,NULL,NULL,'2025-09-24 22:23:44','2025-09-24 22:23:44'),('JLGDRBKWCSRHTWKDBLDMQSOPNLFETN','normal','seo4','$2y$10$KF6mUn3DyI8zKEJJB6p2D.izoaxyXEcKF0cjLpRJelAAkpF45JT.e','xyjiheumis','서준형',1992,'010-7417-4268','',0,NULL,'n','y','','n',NULL,'tjj2319hxv2vvewcvuhjvbtqx6nvel4o9x6n9pjfnouhavvipp',NULL,NULL,NULL,'2025-10-19 14:23:21','2025-10-19 14:23:21'),('JTOANJPDZGHYZKEMYXPSMIEXMWYMYH','normal','pjb252','$2y$12$fzTiy0Jfq2y4CzeVlb5AGu4lDSudnt8lDl2VXnoKlaF5zjrmcg08a','qcddo1sl00','박종범',1978,'010-9387-9925','',0,NULL,'n','y','동구  지저동','n',NULL,'h1r039hpn09c5vmykr63wk96v2y9s5vvgqwlo9ggyjdd2vtg98',NULL,NULL,NULL,'2025-09-23 21:11:48','2025-09-23 21:11:48'),('KBIRGFBXHSEJYESEOYPSNZEJVXIXEX','normal','obc873','$2y$12$MfGcL8YaTxrsGx9iGySJhuhvIzT.J0bAbxGtEeB8TaA.eHc8aGeT.','pn51duw4f5','오병천',1980,'010-2670-7980','',0,NULL,'n','y','달성군 다사읍','n',NULL,'k7avouajslquolvcbw0p5g6o04ykzxwtqw5b6fr9pe746locu3',NULL,NULL,NULL,'2025-09-23 21:32:33','2025-09-23 21:32:33'),('KSJJKNUNXSWAJGSCSMTRKKEODUWMQP','normal','bds282','$2y$12$cvALaCj3b1ehE1r/Mo.1SetYBVWzq2DuyIn3IgYFocgipiuOtO3wO','5jw710r1qg','배동수',1978,'010-2807-2825','',0,NULL,'n','y','달성군 현풍','n',NULL,'uh91bhoi6aef5for7xr6vjnltve6p5fnf85w91dtj7unmb6y8b',NULL,NULL,NULL,'2025-09-18 20:36:43','2025-09-18 20:36:43'),('KYYTJJTSWTHWWIXCQPLBBTLZRCYIAL','normal','lskww','$2y$12$Vcn6npOJOLEDLRi3t7bJDePZYIzYVMT3vLHNzSbBhsToqtlOJSjHy','ov886xjepq','이수규',1981,'010-4806-5566','',0,NULL,'n','y','수성구 만촌동','n',NULL,'7klu5j6aoyx5ml5tlb9p082pxtqe8fyaq00bvb1bnomm6n9c2f',NULL,NULL,NULL,'2025-09-23 21:41:19','2025-09-23 21:41:19'),('LAPCPMDNTIWZCXIGMIETNBWMZQLWFH','normal','hsb1004love','$2y$12$Mw.QH95O/OnwlPrB.lYP3.HGq51AN9YSWbU6qW6FllaKqLWrqQ2qK','2sff3kxdud','박해석',1986,'010-2988-4071','',0,NULL,'n','y','동구 방촌동','n',NULL,'2k96f86iy6kj16m4qr0pvx43i3qvnwo299hbpkbn0bgxwm1d9y',NULL,NULL,NULL,'2025-09-23 21:16:02','2025-09-23 21:16:02'),('LJACLAGKLPLYLJYFBTMZZDUFEALFFB','normal','overtac','$2y$12$BcIYWvlPbx4qPqYRoBUSseMz0v8ZSrMU4juKpDqoLF6L7butF/61C','ywzi7wc8f0','양영모',1983,'010-6600-9684','',0,NULL,'n','y','북구 구암동','n',NULL,'xtanbmno5tzm2l5w2weqoudkzlvzqhz65ld2lypf2bapdk927w',NULL,NULL,NULL,'2025-09-23 22:00:43','2025-09-23 22:00:43'),('LSNAUOBXUFNLPJXTJDCWABZDNJXAZO','normal','lyg000825','$2y$12$BRuuW8uAalidCDabktJ1huex5BDysSYvrh178cabmlDRMexdtm5ua','9i5qdee7k8','이영광',2000,'010-7678-8901','',0,NULL,'n','n','동구 신암동','n',NULL,'zmkn773vilekht1p7d8a5rbkt589si6b5fj26d4zn3ol155a6b',NULL,NULL,NULL,'2025-09-29 21:56:40','2025-09-29 21:56:40'),('NEKTBVCEVXZCMKQHABJYZUJHVFVJVN','normal','pch6715','$2y$12$RNp5HE12H0gd267IqTlcnurdblL9.WCJ6n9RyUww5w9ZkKA0YM5Oq','30r8egdkee','박충호',1984,'010-5668-3497','',0,NULL,'n','y','대구 달성군 다사읍','n',NULL,'ae633lquiohtd7ecklw4ia9do9rgqo6l1p5uch417ssjekavqb',NULL,NULL,NULL,'2025-09-24 07:39:43','2025-09-24 07:39:43'),('NEOAYVOFLLJEJVBZEXZAEHVFIPCIGM','normal','warabashiyoji','$2y$12$pPG3mLw8VALD2gSGM1CCMeR9MiOZP1IPxX0NXtdfqX01D0rSy6agi','2q4xitzcev','김재훈',1975,'010557703621','',0,NULL,'n','y','북구 복현동','n',NULL,'p177hrazvobyu06vp9ylisph1igmgwoobfe0ypq13tald3gyh5',NULL,NULL,NULL,'2025-09-23 21:16:25','2025-09-23 21:16:25'),('NEYSKPXGUJREEJFVIIORWAJNSUXKFC','normal','soky007','$2y$12$.h9F7oHMorhqO2wJKi7SUuA7FBby2gMQj.osNYJiHyaBk4YLAmbde','vp4kd5inap','권준석',2007,'010-3806-4695','',0,NULL,'n','n','북구 동천동','n',NULL,'roi625476hyy4lervo7jknrtsjro9pgkrm7t5wfzz387hzsrqc',NULL,NULL,NULL,'2025-09-23 21:13:41','2025-09-23 21:13:41'),('NGPQWWYOGSNQXRNLCAUKLWOPEBWQQW','normal','poporu816','$2y$12$jJ8keMhpKRfYOuC4ZvZIteUnV70PNjNcrQWTUUbbuFMJWrexs9rJe','fpz47twt0i','김형정',1991,'010-5559-8423','',0,NULL,'n','y','북구 성내3동','n',NULL,'6sio9zrk9jjxmf8oeadrp58l82ffkxzmayl34q1rzldg17m93a',NULL,NULL,NULL,'2025-09-28 14:44:57','2025-09-28 14:44:57'),('NLTEBCMMDIBQDSWBIJBIVAYTSKZXEZ','normal','seo2','$2y$10$Ht3C/.2nEbGcfoFAk0o1oOi7Bl54DvRgF9P2VkXvvpAFnS83T33Dm','7u6fo72dkg','서준형',1992,'010-7417-4268','',0,NULL,'n','y','북구 복현동','n',NULL,'jrj3dl18v684fc0nctp4madekjfqx1wohekzjktzolkb2xzdrm',NULL,NULL,NULL,'2025-09-30 21:33:09','2025-09-30 21:33:09'),('NNTANECIRHVFTQYXIGFHFOOSVVKTXE','normal','jyh3377','$2y$12$ZONd2hNeHqSFRWZl7WDT5uF1/jHw9J01S3BH.2BNi4RThnh6TPAnW','9meb7s270b','정연한',1983,'010-9367-7413','',0,NULL,'n','y','북구 동천동','n',NULL,'ykhv71umqvrrnwhdfnzcdzxk6ajkwk1mjibd7xsb55mz26g5fm',NULL,NULL,NULL,'2025-09-28 09:48:33','2025-09-28 09:48:33'),('OJCKQSDJMJOENYLBTIZFNVJXDLMVPG','normal','madochi','$2y$12$MYULXlMqtAlDmZfqIaU6MuHIRjbyrIWUmoWKLpM2S24/vTYOv9CQa','o5y5u8egm7','김태진',1988,'010-4264-8688','',0,NULL,'n','y','동구 신암동','n',NULL,'i7so5jw5xgz6vwkxpjfnam01ymoyqiz0g4p8pte3r39g7xivj8',NULL,'2025-09-24 05:14:36',NULL,'2025-09-24 05:10:55','2025-09-24 05:10:55'),('PCUWRBXEGROWRKWQJPELKHLZIVTGOT','normal','danger102','$2y$12$0K7m6U503rPKUKYQ08FFO.ApmkBbQauexeGTG2COzY57dfF54Q9JO','1jemjook4m','조경래',1980,'010-7165-3358','',0,NULL,'n','y','수성구 범물동','n',NULL,'ex719ap7o33z5d3wuzuikj15uo6z9dk04asd1eo6848kbe2v7o',NULL,NULL,NULL,'2025-09-24 12:39:31','2025-09-24 12:39:31'),('PFEKZFJGUKLRPPNWOFCKQPFDMNCMGR','normal','kknd5029','$2y$12$hbgwU8dg7ff48Q.lHN.FGuf3N9nL2CvyFwzp0MyYIkMXmIEx0X/8K','c7xaxwwsjn','서제호',1988,'010-3950-5489','',0,NULL,'n','y','대구 남구','n',NULL,'q6415kwvqg4bhgxe4ay0ql1acnnsfquhqjndoepsoa7ajk7fgq',NULL,NULL,NULL,'2025-09-28 11:36:42','2025-09-28 11:36:42'),('PFZXOSBYPBMFVMFZITKGDFODWMUYTH','normal','tekken3ttt','$2y$12$ovCiuKH2WF7PILGMaZulxepEuihGH5v.4v1GU2WVyKpXkl2IxDg3.','pdgy16cw1w','김형진',1986,'','',0,NULL,'n','y','','n',NULL,'c7dqaq8vha6qa0awqoq1u79rqwhbq6ffme3v70u7iejm6eo0er',NULL,NULL,NULL,'2025-09-28 08:28:02','2025-09-28 08:28:02'),('PNPOBOMJCESNWZTIWEIPPESBXTQFIV','normal','Gomudali','$2y$12$3tETVyeZ2RqK6YacPr.4Xu9.oKqvJrVnHeP4WoZ7foZ5NcmpNN3yG','ethynsoi8h','이정대',1980,'010-2506-4782','',0,NULL,'n','y','동구 신암동','n',NULL,'v9qh3sjhubz0cqgj559fhslt1929450xzkfalsntgr4v8m3vjp',NULL,NULL,NULL,'2025-09-24 12:45:19','2025-09-24 12:45:19'),('RDJTQNTMFVXBLKNUMIXFGFLUPHKVMP','normal','david0706','$2y$12$p5uMHmjdxNw8dzGXm4SXjuKa7nevY6D7qhzubXnR.Zj5E0VfVqlDS','iwj6m0ic3a','석창민',1985,'010-3642-0908','',0,NULL,'n','y','수성구 지산동','n',NULL,'uc09pbag5aandna9o2d97zql04nlz891j19hbme8r4raq974m4',NULL,NULL,NULL,'2025-09-23 21:05:26','2025-09-23 21:05:26'),('RKZTOJYACFVSGVBHDZBJGFUASGOSXT','normal','hjd1026','$2y$12$aa6CAYHgm.Mci9NzZ5cbceE2nEIqCkZRbl/FzfbkCvEQkKA51x7uO','bo689cj6y7','하종덕',1972,'010-4543-8811','',0,NULL,'n','y','달서구 진천동','n',NULL,'dnozjd9qedcolativi0uvgm80ayu4ynum4viaw0jb0r3uf4uu7',NULL,NULL,NULL,'2025-09-23 22:03:15','2025-09-23 22:03:15'),('RUEEOJPOXXXFEFDZXGPLFIKDLKZOPR','normal','nolbu932','$2y$12$Dz9YY.bUDuD7Tkakx0ed/e9tYcIPGWpTKg22MCf7TapWiFgSP2HlW','s96hdheq7m','노규삼',1979,'010-8999-4893','',0,NULL,'n','y','대구 효목동','n',NULL,'7zfq7og4ql1g1xa4bbxzqtsblp2wtbgbvyta91nt1tzt5h673e',NULL,NULL,NULL,'2025-09-22 20:00:32','2025-09-22 20:00:32'),('RZHFUDQGVWHCAMOXXYVDQQZFUGUNBG','normal','seo','$2y$10$aV3ZR5qbCpsAziDuYY89yOrusmKCwM37E0U96imL9Z4SAEN3VBpUS','lzqcfbcmr5','서준형',1992,'010-7417-4268','team.goldenglove',180000,NULL,'y','n',NULL,'y',NULL,'47nnwqz6bzkshtiltt71olhwrpva75u1apisw8xkslvqk0ogpq',NULL,NULL,NULL,'2025-07-20 21:20:15','2025-06-21 17:14:56'),('SBCKSZTHUGMTHFOGDKMJTNQGXOMRVZ','normal','jungwy1030','$2y$12$BbwvM2Qu5de6M3lEwABLI.2Foxv5A8PeD1B.wqZax6d6JHhryayQK','ye3jss92vc','정우용',1992,'010-2593-1267','',0,NULL,'n','n',NULL,'n',NULL,'3z2rcl7z5k1u9m9yayzo1qnm1gs6pp0u9393uuxa1bvgpqma72',NULL,NULL,NULL,'2025-08-21 06:08:00','2025-08-21 06:08:00'),('SPMUHQLAPCEBHNUBQIWGVNOQYWRHVU','normal','alonegamer','$2y$12$l4Devs6r7D7BDRkrTChAjejT6C1aH2azIrZdCGFZc16a/o1SQGIs6','m5hvxas5xn','이재민',2004,'010-4790-0792','',0,NULL,'n','n','대구 북구 도남동','n',NULL,'955qq7nk6m1d7y1ejalhpcwls14rhyaecef8udv5gp6r9gcgb0',NULL,NULL,NULL,'2025-09-24 19:24:11','2025-09-24 19:24:11'),('SRDUGNLWSRHFLVNZZJSKLXCGNFZFXQ','normal','yqsj0306','$2y$12$pxw3625j82frSdZa.iwDDOYzRdfz.M7D1VHDF9gTzY87mcoWptz1q','ztw9ia8xq8','이수정',1971,'010-2507-3134','',0,NULL,'n','y','비산동','n',NULL,'3oksk843qgf7xe551k7rctf9xeu517ajh1qhyq47n794uieakz',NULL,NULL,NULL,'2025-09-28 09:25:35','2025-09-28 09:25:35'),('SXMMNKAWQFUQMWMUEKQJFOIWAWUEBE','normal','iiiiii99','$2y$12$S1/N6Y9x/1ayd.5V6S0OCeO88zittRHyNO.kLoF4rrnLlh//fE1jC','tbiwg1t4m8','최민환',1999,'010-2784-0268','',0,NULL,'n','n','대구 송현동','n',NULL,'h2yu1faw5mu76qimmxydyjvw4v4ey7w45x4k053bsd7lkksy52',NULL,NULL,NULL,'2025-09-28 09:53:23','2025-09-28 09:53:23'),('TKPHEJZQOAULOBTJSTENDLDJWMMKTO','normal','dlgmlxo7','$2y$12$OW4slzU49hfzvtBmPuz0F.OUcYegNCLadd2kCPfcKuLD2Hn6fXVdS','hrqa3iptc9','이희태',1981,'010-4366-7317','',0,NULL,'n','y','수성구 범어4동','n',NULL,'c8t20gq5v69lsfq9vvbahnmtkkv8alsqrar02wrhjc7nfw3eg6',NULL,NULL,NULL,'2025-09-23 21:05:06','2025-09-23 21:05:06'),('UCANQZSHXYPBHSUSMLLFKIPBIVMGUJ','normal','mimo12','$2y$12$MxB3r/Pty5z7ilECcoC5T.RbcndtHRzeraSdW0bEEIHBSMiLdr3vu','atb3aljaiw','오정훈',1978,'010-2951-5475','',0,NULL,'n','y','북구 복현동261-11','n',NULL,'641fx7hmtu0tvyrhifg5ykqv43zjzy3q1hei91cceqdn0yosnl',NULL,NULL,NULL,'2025-09-18 09:46:20','2025-09-18 09:46:20'),('UDFCQAHODIVWEHXUAABEKBVOTUGMMG','normal','hds3922','$2y$12$Q9hQBRfV1ySPIOB9DXju1OvCbPY2shB9iYQ0gNpIQ77euchUF7eA.','cgbp1kybg8','황대섭',1979,'010-3524-3997','',0,NULL,'n','y','서구 비산동','n',NULL,'6h72ifez52zeuvi9haxusz6of08odcw6a4k39whd3lr43hqiwc',NULL,NULL,NULL,'2025-09-23 21:07:35','2025-09-23 21:07:35'),('UUBBLQFUPIXPNCIHILQDPJTMCZBPII','normal','tjrtkddbs0','$2y$12$wVO7AxozWy1uMoT9Bo9Ro..BPrzposFqA9QdPALkJZDpahMa0fnN6','jtbnj1p2aa','석상윤',1988,'010-9811-4743','',0,NULL,'n','y','동구 불로동','n',NULL,'6lyv1we06tizdh27rerl9xlkbuwg4h8wk4dsyfu55s0k13qg21',NULL,NULL,NULL,'2025-09-24 12:37:11','2025-09-24 12:37:11'),('UVRJBDPOPJXKHBWJKHHTEIYZOBBMUX','normal','chochio88','$2y$12$B9QzPvC4afrGYk0pDqO1kOBPq1hT.HfXDawwehpnUdVoBnZIJ7ogW','dsqz8dnrru','조창희',1988,'010-9089-9989','',0,NULL,'n','y','남수 대명동','n',NULL,'y1l24z9de1frmkzi092q6xkb0m8q9j8g691ndjrfbws69v2zu1',NULL,NULL,NULL,'2025-09-23 21:22:58','2025-09-23 21:22:58'),('VPXNIENTVCDYOUUMPTXRUOJWTYBJYY','normal','seo3','$2y$10$f0ywSXLT36MpcJ9RHCrcneViMUm79fteU9XUskzjrgXpzgqkspTSi','mizxy10o7z','서준형',1992,'010-7417-4268','',0,NULL,'n','y','북구 복현동','n',NULL,'lx9pk8lkhvz4m4kfh1jo5fduk155zt3vblabggukxrj8zbpmri',NULL,NULL,NULL,'2025-09-30 21:36:17','2025-09-30 21:36:16'),('WPZEPLBLSLLVBUEGCJHJUFLEAGRRRW','normal','jkls0667','$2y$12$VEyWCaz9kuKpV.OxUFgxHu6znT.fN7D.CZx9USZfS5QtjuBgrCK1u','neccvdmiyo','박정규',1997,'010-5610-0667','',0,NULL,'n','y','대구 동구','n',NULL,'yu9vmp6gwjkk3bha6fv6jall59hebcurzsplc80rl2big3qcip',NULL,NULL,NULL,'2025-09-25 22:30:16','2025-09-25 22:30:16'),('XEDUCWDREMJNGKPZNMYQTVSXQTOTAY','normal','ryan1097','$2y$12$RkIAIvEWmUtK3oi53MCFQObKan.Bhg406Wc5xWGkOfNGr1lwDV1xC','bdxhx9kv6x','박상현',1999,'010-9749-1097','',0,NULL,'n','y','수성구 연호동','n',NULL,'r1okt2z59k20hmtwqbk965q7fxiynpdmxwwt2jlk8p0kyljbxn',NULL,NULL,NULL,'2025-09-23 21:19:02','2025-09-23 21:19:02'),('YICWTXUKKVXILGNCTMSFSFRZWDKMGR','temp','temp-ag1k6bftv3ai4i8zqfhrpiuzalrw8y','$2y$12$1qUMwRN3fDyKF4ub6j9kP.QzTS.yfQJlN15VDLpuJizqWeWymh12O','j2rg5axokl','이도윤',NULL,'','',0,NULL,'n','n','','n',NULL,NULL,NULL,NULL,NULL,'2025-09-30 19:48:17','2025-09-30 19:48:17'),('ZBXSKHTFQAVHXUZCOEKZLHJYQGXEHB','normal','hdh36','$2y$12$bFe3lYge5wh1n2xiC2Usm.JhBUc4sGmIlyWpHkKbCCzMh.z6X.I4.','zpjfdcklns','황동형',1995,'010-4939-2254','',0,NULL,'n','y','지저동','n',NULL,'ngtntz34ar4p8fygy6w3ugyo6xyxr3ylcjirkiuo6cikggsxwp',NULL,NULL,NULL,'2025-09-29 22:31:22','2025-09-29 22:31:22');
/*!40000 ALTER TABLE `user` ENABLE KEYS */;
UNLOCK TABLES;

--
-- Table structure for table `user_acct`
--

DROP TABLE IF EXISTS `user_acct`;
/*!40101 SET @saved_cs_client     = @@character_set_client */;
/*!50503 SET character_set_client = utf8mb4 */;
CREATE TABLE `user_acct` (
  `userno` char(30) CHARACTER SET utf8mb4 COLLATE utf8mb4_unicode_ci NOT NULL,
  `baccno` int NOT NULL,
  `flgdefault` enum('n','y') CHARACTER SET utf8mb4 COLLATE utf8mb4_unicode_ci DEFAULT 'n',
  `regidt` datetime DEFAULT NULL,
  PRIMARY KEY (`userno`,`baccno`)
) ENGINE=InnoDB DEFAULT CHARSET=utf8mb4 COLLATE=utf8mb4_unicode_ci;
/*!40101 SET character_set_client = @saved_cs_client */;

--
-- Dumping data for table `user_acct`
--

LOCK TABLES `user_acct` WRITE;
/*!40000 ALTER TABLE `user_acct` DISABLE KEYS */;
/*!40000 ALTER TABLE `user_acct` ENABLE KEYS */;
UNLOCK TABLES;

--
-- Table structure for table `user_authed`
--

DROP TABLE IF EXISTS `user_authed`;
/*!40101 SET @saved_cs_client     = @@character_set_client */;
/*!50503 SET character_set_client = utf8mb4 */;
CREATE TABLE `user_authed` (
  `userno` char(30) CHARACTER SET utf8mb4 COLLATE utf8mb4_unicode_ci DEFAULT NULL,
  `grpno` char(30) CHARACTER SET utf8mb4 COLLATE utf8mb4_unicode_ci DEFAULT NULL,
  `clsno` char(30) CHARACTER SET utf8mb4 COLLATE utf8mb4_unicode_ci DEFAULT NULL,
  `orderno` int DEFAULT NULL,
  `authstatus` enum('authed','settled') CHARACTER SET utf8mb4 COLLATE utf8mb4_unicode_ci NOT NULL,
  `billauthed` int NOT NULL,
  `billfinal` int DEFAULT NULL,
  `regdt` datetime DEFAULT NULL,
  KEY `searchopt` (`userno`,`grpno`,`clsno`,`orderno`)
) ENGINE=InnoDB DEFAULT CHARSET=utf8mb4 COLLATE=utf8mb4_unicode_ci;
/*!40101 SET character_set_client = @saved_cs_client */;

--
-- Dumping data for table `user_authed`
--

LOCK TABLES `user_authed` WRITE;
/*!40000 ALTER TABLE `user_authed` DISABLE KEYS */;
/*!40000 ALTER TABLE `user_authed` ENABLE KEYS */;
UNLOCK TABLES;

--
-- Table structure for table `user_privacy`
--

DROP TABLE IF EXISTS `user_privacy`;
/*!40101 SET @saved_cs_client     = @@character_set_client */;
/*!50503 SET character_set_client = utf8mb4 */;
CREATE TABLE `user_privacy` (
  `userno` char(30) COLLATE utf8mb4_unicode_ci NOT NULL,
  `priv_phone` enum('all','grp','mng','any') COLLATE utf8mb4_unicode_ci DEFAULT 'grp',
  `modidt` datetime DEFAULT NULL,
  PRIMARY KEY (`userno`)
) ENGINE=InnoDB DEFAULT CHARSET=utf8mb4 COLLATE=utf8mb4_unicode_ci;
/*!40101 SET character_set_client = @saved_cs_client */;

--
-- Dumping data for table `user_privacy`
--

LOCK TABLES `user_privacy` WRITE;
/*!40000 ALTER TABLE `user_privacy` DISABLE KEYS */;
INSERT INTO `user_privacy` (`userno`, `priv_phone`, `modidt`) VALUES ('AETRLFDDQMIUISMWWACUXIXQGAAEOV','grp','2026-02-26 19:53:11'),('AXBWEGAGLACBNHLZCBGIZBJZLMDJPJ','grp','2026-02-26 19:53:11'),('BAHPEHFTYGRSXSJXNJRIAOLGWVZPLH','grp','2026-02-26 19:53:11'),('BBQMXCZSQLPOLVMQLJJLWCGJMWVMJS','grp','2026-02-26 19:53:11'),('BFOIICINSBWKACAMSUAUSTHDKWKPJI','grp','2026-02-26 19:53:11'),('BIXKHMZVMQIJQXHOCHXXCTSKOHWLDA','grp','2026-02-26 19:53:11'),('BLMYTUFYFLDGOVARMAQAMPLGUCDXJX','grp','2026-02-26 19:53:11'),('BMYOBHEPJODWNTNDNDNLKRZIDNHKBN','grp','2026-02-26 19:53:11'),('CFVPAGVDVSVEAQQYTFHZASUJLHOKRA','grp','2026-02-26 19:53:11'),('CHJPEZGENAPDMCYMMALSANMTQVDFFR','grp','2026-02-26 19:53:11'),('CVKSWMQFHHCOULCRBOGNJCGJXBRVAJ','grp','2026-02-26 19:53:11'),('DIFCIQPOUIDMZTFMVTXCOSVZZVBPNU','grp','2026-02-26 19:53:11'),('FGBVRQKIRIYZXZRKRTAOIZXZGNUNTS','grp','2026-02-26 19:53:11'),('FKTUQXQGFXQYQKPAXFAXFUHUHHNWHU','grp','2026-02-26 19:53:11'),('GQQEJFYHZLANVYUZDOLRGHYWYRXRYN','grp','2026-02-26 19:53:11'),('GUGTYDBBEEDXMMPQJSEXSPSOEUZWNL','grp','2026-02-26 19:53:11'),('GWETWJPAOHLTHTXHYMHHXIDZFJAJSZ','grp','2026-02-26 19:53:11'),('HSEBNUYSWSAHWBGGXKGUXNZWHEBNSP','grp','2026-02-26 19:53:11'),('IDGBAXUVCFMMXGUBWTREQFJBZSQBNZ','grp','2026-02-26 19:53:11'),('INIWOBYMMUYMOFIKVIBSYMZEIXTUEA','grp','2026-02-26 19:53:11'),('JCVUUFCEALNLVQCLQIDBKETCHKLXTY','grp','2026-02-26 19:53:11'),('JLGDRBKWCSRHTWKDBLDMQSOPNLFETN','grp','2026-02-26 19:53:11'),('JTOANJPDZGHYZKEMYXPSMIEXMWYMYH','grp','2026-02-26 19:53:11'),('KBIRGFBXHSEJYESEOYPSNZEJVXIXEX','grp','2026-02-26 19:53:11'),('KSJJKNUNXSWAJGSCSMTRKKEODUWMQP','grp','2026-02-26 19:53:11'),('KYYTJJTSWTHWWIXCQPLBBTLZRCYIAL','grp','2026-02-26 19:53:11'),('LAPCPMDNTIWZCXIGMIETNBWMZQLWFH','grp','2026-02-26 19:53:11'),('LJACLAGKLPLYLJYFBTMZZDUFEALFFB','grp','2026-02-26 19:53:11'),('LSNAUOBXUFNLPJXTJDCWABZDNJXAZO','grp','2026-02-26 19:53:11'),('NEKTBVCEVXZCMKQHABJYZUJHVFVJVN','grp','2026-02-26 19:53:11'),('NEOAYVOFLLJEJVBZEXZAEHVFIPCIGM','grp','2026-02-26 19:53:11'),('NEYSKPXGUJREEJFVIIORWAJNSUXKFC','grp','2026-02-26 19:53:11'),('NGPQWWYOGSNQXRNLCAUKLWOPEBWQQW','grp','2026-02-26 19:53:11'),('NLTEBCMMDIBQDSWBIJBIVAYTSKZXEZ','grp','2026-02-26 19:53:11'),('NNTANECIRHVFTQYXIGFHFOOSVVKTXE','grp','2026-02-26 19:53:11'),('OJCKQSDJMJOENYLBTIZFNVJXDLMVPG','grp','2026-02-26 19:53:11'),('PCUWRBXEGROWRKWQJPELKHLZIVTGOT','grp','2026-02-26 19:53:11'),('PFEKZFJGUKLRPPNWOFCKQPFDMNCMGR','grp','2026-02-26 19:53:11'),('PFZXOSBYPBMFVMFZITKGDFODWMUYTH','grp','2026-02-26 19:53:11'),('PNPOBOMJCESNWZTIWEIPPESBXTQFIV','grp','2026-02-26 19:53:11'),('RDJTQNTMFVXBLKNUMIXFGFLUPHKVMP','grp','2026-02-26 19:53:11'),('RKZTOJYACFVSGVBHDZBJGFUASGOSXT','grp','2026-02-26 19:53:11'),('RUEEOJPOXXXFEFDZXGPLFIKDLKZOPR','grp','2026-02-26 19:53:11'),('RZHFUDQGVWHCAMOXXYVDQQZFUGUNBG','any','2026-02-27 00:32:56'),('SBCKSZTHUGMTHFOGDKMJTNQGXOMRVZ','grp','2026-02-26 19:53:11'),('SPMUHQLAPCEBHNUBQIWGVNOQYWRHVU','grp','2026-02-26 19:53:11'),('SRDUGNLWSRHFLVNZZJSKLXCGNFZFXQ','grp','2026-02-26 19:53:11'),('SXMMNKAWQFUQMWMUEKQJFOIWAWUEBE','grp','2026-02-26 19:53:11'),('TKPHEJZQOAULOBTJSTENDLDJWMMKTO','grp','2026-02-26 19:53:11'),('UCANQZSHXYPBHSUSMLLFKIPBIVMGUJ','grp','2026-02-26 19:53:11'),('UDFCQAHODIVWEHXUAABEKBVOTUGMMG','grp','2026-02-26 19:53:11'),('UUBBLQFUPIXPNCIHILQDPJTMCZBPII','grp','2026-02-26 19:53:11'),('UVRJBDPOPJXKHBWJKHHTEIYZOBBMUX','grp','2026-02-26 19:53:11'),('VPXNIENTVCDYOUUMPTXRUOJWTYBJYY','grp','2026-02-26 19:53:11'),('WPZEPLBLSLLVBUEGCJHJUFLEAGRRRW','grp','2026-02-26 19:53:11'),('XEDUCWDREMJNGKPZNMYQTVSXQTOTAY','grp','2026-02-26 19:53:11'),('YICWTXUKKVXILGNCTMSFSFRZWDKMGR','grp','2026-02-26 19:53:11'),('ZBXSKHTFQAVHXUZCOEKZLHJYQGXEHB','grp','2026-02-26 19:53:11');
/*!40000 ALTER TABLE `user_privacy` ENABLE KEYS */;
UNLOCK TABLES;
/*!40103 SET TIME_ZONE=@OLD_TIME_ZONE */;

/*!40101 SET SQL_MODE=@OLD_SQL_MODE */;
/*!40014 SET FOREIGN_KEY_CHECKS=@OLD_FOREIGN_KEY_CHECKS */;
/*!40014 SET UNIQUE_CHECKS=@OLD_UNIQUE_CHECKS */;
/*!40101 SET CHARACTER_SET_CLIENT=@OLD_CHARACTER_SET_CLIENT */;
/*!40101 SET CHARACTER_SET_RESULTS=@OLD_CHARACTER_SET_RESULTS */;
/*!40101 SET COLLATION_CONNECTION=@OLD_COLLATION_CONNECTION */;
/*!40111 SET SQL_NOTES=@OLD_SQL_NOTES */;

-- Dump completed on 2026-03-19 22:36:21
